id,price
0,1686674.6332833127
1,2417091.8582472033
2,1199996.8656123548
3,2357307.09001889
4,4811818.85403747
5,1847754.1131163526
6,1113054.4388833917
7,648856.1450349141
8,1320098.4248666984
9,1362555.2881247574
10,1032866.9993357676
11,461084.23922994226
12,630510.842391153
13,1421505.4574760029
14,717251.9490976864
15,1223321.0821124928
16,629168.4291605067
17,886944.2260754666
18,899514.136652488
19,786937.4026850446
20,351735.22080403555
21,1364237.5429751677
22,1510579.4003696146
23,372304.98484043346
24,2739311.189394475
25,1030214.731530225
26,1222841.6338916675
27,1229618.5710883478
28,1095760.9081089336
29,2580372.6277571074
30,1373175.4174687655
31,1182504.9108167032
32,2811520.69911708
33,3593306.0447642594
34,2694443.8253825097
35,735684.8381709283
36,760414.6872154289
37,2526761.0771189486
38,961698.0448498226
39,707507.6877315567
40,2316585.016777286
41,764097.8310318473
42,431733.0953925015
43,1673319.0591774886
44,1108563.5249816685
45,607331.4045747713
46,2252403.985471412
47,532422.5552280681
48,838686.1243235487
49,1329531.8395283476
50,5365963.417035297
51,1299482.8753916747
52,1703408.968422382
53,2648648.707615227
54,1277462.9668932818
55,2125770.6096464815
56,485200.08108772035
57,889275.195934177
58,1002024.9474405926
59,2971983.883761869
60,441986.22662279976
61,444175.1692082225
62,1317893.7830697899
63,447210.332617259
64,4297559.220381544
65,438977.0599560206
66,1303841.8265524576
67,4918015.418471008
68,367389.8383412204
69,5607718.219137704
70,643160.8842508356
71,724730.5201272325
72,1044232.0035888396
73,1524817.2875270054
74,1157654.2538597623
75,2535037.715661117
76,1739427.9482266714
77,1601192.8843749324
78,3242853.50768103
79,3109878.5089513296
80,2004317.267782329
81,2799514.858128089
82,803589.8905142924
83,1224653.1774821691
84,657030.795208673
85,468727.4430508485
86,946420.621830577
87,2191316.784269208
88,1382917.0180120466
89,607787.0442206585
90,1046507.649662482
91,983505.0037705287
92,671242.1738881421
93,1737135.3403020315
94,996449.6872601843
95,1124630.9046315006
96,631187.1035925394
97,1178775.5315823804
98,3069776.4152970123
99,1858332.2476837654
100,1149079.543189636
101,984762.0264427239
102,3605240.386721991
103,437158.2237846681
104,882155.1325710482
105,501470.4950023897
106,2326029.716875776
107,1555997.0153044933
108,1669151.3223886103
109,1268528.1616461216
110,1165385.2646209775
111,1956639.9351675247
112,1676801.9627118604
113,3996928.7361834454
114,7468185.289829392
115,2100362.6784100956
116,1042214.5690744026
117,941545.5756727748
118,3591177.9154239884
119,1175665.0545001307
120,5418484.424450026
121,3003477.7045933157
122,1202030.8363341205
123,1349218.1004522257
124,1351510.3575304947
125,3418808.589059626
126,548305.2043438386
127,1229703.8103104406
128,2950260.8947922513
129,1327592.3107240696
130,4944352.18414414
131,672332.0244951828
132,1303768.7541921418
133,1491159.2302871787
134,1424830.1645353755
135,1090133.644041518
136,2342835.2707376196
137,2904250.9386151065
138,2150829.2319823164
139,913028.1418776625
140,1274790.2794347012
141,1133447.4942973072
142,1458708.7452896354
143,670216.4640330668
144,1250462.894760912
145,188070.96337939653
146,2179186.6009443253
147,1377457.9729928896
148,5053695.300547971
149,2512089.6248603687
150,6401821.949840896
151,2522229.9811271904
152,1607675.59520943
153,276056.68657774135
154,1583999.309886718
155,567851.564904347
156,1587379.4652706275
157,2101672.3527126033
158,1687982.8618794454
159,834192.1945336877
160,493665.0015100427
161,3326097.750733036
162,1141863.5230945535
163,1003392.309079345
164,485760.2444630424
165,649944.5748929279
166,1808473.2273006116
167,276210.21198615956
168,2489790.94623523
169,550349.4585233735
170,336400.1206846418
171,997615.6481888597
172,251459.23193761817
173,1085139.1526589333
174,1111973.5810358706
175,840130.7327400207
176,3049761.1630580793
177,1087045.9842621514
178,5574702.676741541
179,1200154.756874286
180,1019927.557296562
181,606475.7282048973
182,491227.16305646487
183,1478858.9545739451
184,5826300.024178037
185,5963701.9265141655
186,1693465.1966842008
187,1346316.474664052
188,5462037.776604701
189,2072111.4610274862
190,3398622.249599132
191,2123831.930851008
192,622798.7019562721
193,342085.0656253239
194,2372481.105344
195,2739552.637089845
196,1051179.200163088
197,1542426.543922468
198,895450.939530579
199,1452388.9891711075
200,889944.7561124377
201,2771960.537757456
202,1283429.5984647905
203,1128360.5040327676
204,3170185.32430975
205,2287182.929573107
206,895195.2241770938
207,2313782.8752332292
208,886167.4360225672
209,866987.6339649492
210,487410.51652995124
211,1328958.9777640565
212,1656746.6438961106
213,1094293.5811015817
214,877971.3858041419
215,285869.8053707758
216,1848585.3224061842
217,2251522.288902887
218,573876.6982178219
219,1114106.1547905987
220,684947.7603383141
221,338806.93301358685
222,575367.9907949734
223,963767.0614942634
224,391932.02531954565
225,2018569.9040232578
226,2093027.1103617826
227,5048572.163465266
228,6019414.616182318
229,1734835.8344387128
230,5359824.173773485
231,5429128.92514238
232,297517.12889222865
233,1311638.5233725072
234,649997.3731898641
235,380947.57100194757
236,5544216.85763259
237,4706225.921412578
238,1118871.3314770795
239,2160863.307750552
240,908028.6747749213
241,1130135.372043563
242,2125936.154904
243,1412489.5870035903
244,1226437.1593238462
245,448095.22209317144
246,535342.1920417886
247,885196.3573552847
248,1934283.4261540007
249,2511768.951993772
250,2347829.402122887
251,1065299.0820094207
252,1097348.5404942327
253,1461023.8292142514
254,813948.542452887
255,1026652.7392237931
256,427092.7805550193
257,2792363.037313812
258,1563483.5005037202
259,1582301.1302077621
260,608265.7558273181
261,1636647.7454375252
262,957732.9938887116
263,1593929.123705875
264,373443.0458954796
265,766844.088625097
266,655116.4910087378
267,2207191.024057947
268,202406.49253468937
269,585966.1433520319
270,603591.0865926554
271,1756484.3319719653
272,1193087.0487785635
273,1296982.343638867
274,680257.4932637386
275,445199.4668702611
276,2844668.50766469
277,1167984.121075773
278,810373.9380935414
279,1008829.0594365007
280,1060685.3874908886
281,474283.01816411025
282,873432.5407851205
283,712701.7608184401
284,1444167.2072456786
285,634561.350424388
286,711440.0478575965
287,1017591.7267978317
288,2563158.8003477976
289,2540373.742452171
290,1063002.3793594018
291,993981.442556554
292,935596.3965854172
293,1152076.1995899617
294,228381.71270955476
295,632378.2363426145
296,419349.4823562992
297,633867.5262834735
298,831269.0543319941
299,959050.3083536163
300,370808.0926040995
301,1814514.6586226958
302,1060280.5380009902
303,1220523.6862886618
304,1503242.9906337399
305,1568850.9700227142
306,1080306.8363865349
307,404915.3092610354
308,1191587.2071662415
309,844668.273328215
310,1042613.4317436646
311,1354520.9497858095
312,1313456.3579244043
313,518309.14786178723
314,220508.4007143395
315,825670.5964227302
316,457348.11868531024
317,1822789.4704975786
318,1180256.3463585475
319,4772859.689037717
320,1343767.103531881
321,789251.815639465
322,698417.5557352768
323,2500696.433788815
324,5432549.111042845
325,1448188.2888912135
326,428863.4886526911
327,1244585.8286934472
328,1184418.708146423
329,1090249.2217801395
330,973855.3640732651
331,843505.7935446493
332,1163943.4294135922
333,1205091.9244025887
334,1876993.3217146536
335,920042.182074701
336,270001.6586274437
337,1050499.941836926
338,1893381.2265952136
339,774701.4197522905
340,645067.2153902435
341,1142389.0893889875
342,2187428.7680376354
343,1382291.3801931369
344,744866.4664342762
345,1039527.5770441015
346,259776.93390411892
347,1231242.8683062773
348,1279287.2149260435
349,1040070.3404102122
350,3122283.426244571
351,1060196.1826831256
352,2119540.840308969
353,1943711.3669217576
354,2521409.002286992
355,2068917.7610772373
356,3049761.1630580793
357,1821795.0058063178
358,1416955.8359248827
359,402270.97513241926
360,1131062.4612895246
361,1393914.654157637
362,3318772.9995442284
363,1049557.028040942
364,983674.0193070843
365,1408541.538248127
366,1300268.2971252901
367,1729364.766315514
368,416144.13755218056
369,5818200.917959495
370,574609.3293228013
371,587639.8697106317
372,224226.8676055988
373,1108711.9311027639
374,1795983.4284501842
375,855427.7385087305
376,1385428.9871473147
377,589270.7243844052
378,1827377.085225035
379,2053679.3104162693
380,1652645.4774356543
381,1551934.3623019764
382,612230.039698255
383,731093.4152349604
384,1219076.0325313862
385,1061942.079452353
386,1021816.0334803865
387,1218302.0921458106
388,588261.740975046
389,2923314.8345727976
390,1320452.3976552319
391,1990368.74598099
392,1150242.6154859029
393,729819.3038948859
394,2160620.6480391803
395,1352911.4691422165
396,880227.6711152635
397,4231580.8204142125
398,3345953.260618519
399,866000.297736831
400,1183750.9736233314
401,451844.71222455066
402,1321152.787119797
403,502367.99125888105
404,484709.83935438615
405,1092401.2283645994
406,1115850.8253029734
407,1356202.8391705886
408,2168147.7308263346
409,737093.9193417241
410,941332.2620957879
411,1545048.7742645866
412,2717746.95809487
413,191795.44796250708
414,805841.3369497617
415,2532109.7154103755
416,2096009.4061124134
417,878507.8229303007
418,1350208.594018484
419,1985393.5496621064
420,981431.6339270935
421,287630.9364115467
422,1009429.1805100851
423,805100.7076061802
424,1960508.1849274328
425,1243315.2994277435
426,395959.7875646385
427,1028089.5680265944
428,1312981.9518626994
429,4928458.075332414
430,2521844.6558645954
431,1249392.1356941224
432,1949018.650964245
433,1910125.615182043
434,1500067.309187207
435,485131.2402843063
436,627688.6313850208
437,3070501.8486685525
438,787120.7697873317
439,2918955.846562343
440,669158.8551707753
441,1066262.0489400676
442,2180450.9808953106
443,570524.4556801466
444,303706.0076190254
445,992568.9926139211
446,2100177.930255123
447,1769707.2458829235
448,916175.7696431928
449,6719795.705235657
450,783327.03937046
451,1209476.3331416035
452,1165482.7326487007
453,2079577.023731349
454,1209764.1929550667
455,627550.2529896573
456,7157051.910621288
457,1177701.2193089689
458,1059030.3738445262
459,345916.2874834814
460,868964.0227451206
461,1329375.621714683
462,892706.3393276198
463,1119090.6884684516
464,1513200.501588245
465,1273952.7201120767
466,1273705.251485764
467,831357.0324563126
468,653173.7577169918
469,338801.7392490308
470,298551.3977707923
471,1016196.3532091908
472,799500.5962009962
473,885717.6262328746
474,2294767.352547803
475,2192656.303842085
476,509638.91641101515
477,1286087.9458461257
478,1721818.644718441
479,687781.8191840517
480,1450101.718399821
481,1276527.8676405025
482,761056.1349328272
483,2494232.734106543
484,972969.7842890531
485,486309.3108028364
486,951053.051727539
487,869561.849951627
488,2359707.3653228576
489,1454621.4846308597
490,3135297.7733365386
491,529957.9250627495
492,596544.8621729222
493,1069140.0426170956
494,531944.4842025358
495,592253.5315441435
496,2881335.3748210226
497,4365858.494943507
498,801544.947694153
499,947088.5881189395
500,2173503.215999735
501,187977.02031943487
502,6361665.432733055
503,4318257.546748298
504,632874.6252158532
505,1034314.9638476609
506,1653946.6212107672
507,1036603.5622747845
508,397809.9787900515
509,645825.1533858771
510,943378.5348921997
511,784008.9534359847
512,1322206.9650450204
513,1823875.6312090317
514,2312305.1932915505
515,1273083.0770638445
516,2573081.9320613835
517,1093077.8362840472
518,2774276.317812882
519,957600.8555703209
520,482449.274973634
521,1351443.9181021636
522,265695.0279718036
523,332364.3489881817
524,819246.8789504878
525,3089561.4142711665
526,383699.02115790074
527,1480540.5905701583
528,1384498.3602138537
529,818641.3211496542
530,496250.18872634263
531,1118322.634802344
532,578028.3802367572
533,1471961.0948759725
534,1746504.023690498
535,1916429.7112382767
536,484179.00818709796
537,1207060.3102073746
538,1060678.1321192868
539,839879.6082497581
540,1414571.8725364145
541,1029461.2637524497
542,5317149.863811867
543,1225665.6217463685
544,902538.622009806
545,450797.4420043959
546,549670.6072825835
547,4663467.051397031
548,530051.5836337245
549,464844.5440810199
550,537493.8520390443
551,1456930.166964883
552,1172093.5390801984
553,509399.6164773699
554,818625.0608725538
555,1467238.4598253176
556,6731503.782032948
557,1504865.3113928053
558,2001390.5053714174
559,647154.8149904755
560,602528.5623247303
561,1761693.6819889199
562,5348951.773813113
563,375025.5783757977
564,645159.043596589
565,993950.0369952265
566,1682851.9940809195
567,3300449.8122195406
568,1093526.4899960188
569,1686857.7196908568
570,881681.4754955156
571,988208.5005003007
572,1003958.3905239855
573,1975892.3639181473
574,760871.6302668422
575,566106.3421255067
576,1848359.409888371
577,527567.5904896382
578,1592991.8641921731
579,1493068.7634215178
580,2285649.357541145
581,1619343.267608969
582,3172224.239688106
583,400677.0996690638
584,2094975.675774375
585,637309.0793859828
586,761459.3259600189
587,498433.8688134883
588,798597.9064715368
589,1010711.6371218662
590,848324.4817700785
591,3829776.541487605
592,885981.4871211557
593,1373246.8569464416
594,340200.9690838043
595,1081097.3272118089
596,1031956.4481493549
597,521914.40292452904
598,839149.6018388174
599,1840399.7320856308
600,660356.2261882114
601,3113463.437873324
602,690066.6958724201
603,7059351.329561407
604,233665.33992330777
605,684558.8008491683
606,1094895.3517149522
607,1332746.2399931313
608,471421.55417313526
609,1059330.1208491395
610,640439.687184436
611,1346946.3069759742
612,1074722.6731693032
613,710929.3485192908
614,3714542.6829280755
615,706913.7037283686
616,1163559.397871106
617,2082280.5854905313
618,849873.5507925531
619,703575.1387969492
620,1585563.3090685296
621,1412879.4884978747
622,763878.991521507
623,416256.6914729091
624,1611798.2366555235
625,3147174.842933947
626,2204622.0415051207
627,3615016.540827248
628,6235706.51104972
629,2120773.123607572
630,1701458.8735074955
631,1909228.2245765766
632,665226.7888779236
633,1400080.9428351256
634,2870162.2998678293
635,2272507.82312456
636,586501.5952900336
637,310825.8011459186
638,3400958.8917137575
639,896727.4989187222
640,1957547.3624020433
641,1360133.3617795077
642,566615.877914433
643,2514507.770846793
644,1272731.3425066096
645,538709.115190758
646,1889189.5327609794
647,498969.6956826719
648,862222.2703503949
649,815921.5248357065
650,2716516.8813882023
651,1230633.8451532759
652,383552.9213057703
653,2033664.373632906
654,432900.0595306057
655,4217752.335996535
656,1622050.2393370038
657,811059.4446899353
658,1277067.607299958
659,514609.54669478035
660,728740.405151839
661,441743.58099236456
662,1206673.188670848
663,1391838.3218549325
664,3210932.7433766765
665,1264011.8579086722
666,1519007.160695989
667,2048444.4964763117
668,3477900.286206989
669,456849.9312423256
670,751214.4591717438
671,3295339.6653655986
672,1255116.953668566
673,1762457.5486519164
674,2195322.8157425663
675,2651786.13881302
676,1620056.9758168354
677,961497.1326388774
678,2044504.902260417
679,2672029.013293907
680,5169412.548345889
681,2429447.8118272456
682,1048120.8285053095
683,1007704.830781208
684,994247.2356388804
685,468787.3010294167
686,1482288.3189463408
687,1123203.3094871573
688,3425974.053362035
689,1274466.1406596366
690,541059.4893230789
691,1324446.6342606198
692,2365646.1907374384
693,440754.68871250865
694,907028.5165925935
695,5395610.617509032
696,2608551.018202815
697,864444.9710758219
698,1094715.1918726475
699,3787375.2841242007
700,887596.6735945222
701,855248.1316611706
702,254282.651565605
703,670079.0683983378
704,1998714.1558372453
705,1163415.160861202
706,786184.5022319828
707,1028153.7360250922
708,1102333.8422846997
709,2647684.671228787
710,1005321.8087030908
711,1248618.9340556974
712,1491869.096235089
713,468670.0429049234
714,454545.1759581037
715,325186.69513981865
716,869885.4704163176
717,880246.2319311317
718,2139586.8870397736
719,1663438.4099844692
720,1338305.3597670821
721,961148.5528025365
722,1464461.5225899005
723,2695204.7903576195
724,410043.6751994087
725,2144696.6390992887
726,1188329.3243326384
727,820026.1670069675
728,1086104.9728072702
729,1015780.1886897931
730,337148.1410470667
731,1101709.4451189695
732,1800470.7275292543
733,451983.8595433959
734,1016367.1788762907
735,2335620.714485193
736,1537982.4480837474
737,1174146.8723840904
738,1158506.69468791
739,1109769.0945664796
740,1901931.027741204
741,4082740.7965159896
742,634511.6476829337
743,1404315.964462153
744,488436.49312955374
745,1628480.4571151882
746,903853.2409872976
747,2278680.6922451765
748,1078859.974362751
749,512513.4753963517
750,1362603.437847461
751,146411.2206619843
752,499481.41267721663
753,3087312.725715817
754,2684427.8913952736
755,1660463.3046947133
756,1088308.4609362113
757,898281.2990144284
758,1697078.4484392612
759,1669960.4015423383
760,1921860.2839480115
761,838736.7002079083
762,521168.7893829602
763,503630.4165506617
764,511919.51853638695
765,1931188.277931217
766,3051580.783081043
767,1077280.5310772744
768,950432.233737624
769,759838.3384473266
770,193893.1785158262
771,564674.1060345261
772,437476.41092207073
773,943431.6831610708
774,902541.3940998559
775,1742567.6506004462
776,3614675.7227189154
777,2380526.5391357187
778,4436719.196853831
779,2326275.118825068
780,1383253.7514664587
781,662190.0544875633
782,3202321.3610553774
783,3319095.8078741916
784,1473815.1664195382
785,4846834.802145029
786,1044192.8345776533
787,830690.6300019015
788,531028.9607885751
789,2714633.8804954933
790,1716205.5213408917
791,1048361.1273563415
792,1924612.5158971671
793,1404100.0140099172
794,1418166.515048462
795,1795804.8019503409
796,1100209.741273596
797,885210.7771903244
798,3255207.0323299738
799,669143.7819039421
800,2362232.0701496718
801,1006068.0115345573
802,1004565.6209512461
803,377738.4759309435
804,1447540.6270252294
805,1027921.7925956511
806,185803.43562032338
807,1061285.5024925275
808,855666.252700701
809,935508.749638289
810,1004594.4117390452
811,1278048.041410312
812,1203405.2796226481
813,2034879.4590436
814,920858.30410701
815,1537808.7119188749
816,1240839.0787568802
817,6233299.810754931
818,839163.6209628345
819,1110672.751802975
820,882837.9296426969
821,878861.5619368773
822,934053.3300553879
823,1625016.1428795927
824,963380.1947905688
825,1110354.6180177224
826,1124927.514932232
827,3826876.2008643895
828,1128753.4165023507
829,1760514.1606639174
830,2368083.777379017
831,327776.0346606581
832,522229.7764094208
833,2881335.3748210226
834,2060582.162339615
835,1253619.7687842518
836,507664.57204533
837,807406.3938670853
838,315268.27381274255
839,1290711.1361218693
840,133823.17323247492
841,2195393.2324690344
842,1640039.373067514
843,2679295.4311120957
844,1163813.2427594326
845,2074289.2015866283
846,496574.4231990996
847,657977.1417383051
848,1044048.5649640486
849,1255118.5774913589
850,3264465.8627000786
851,953314.2546831862
852,1340360.7619156463
853,1437743.7669184913
854,1039600.0737952653
855,332683.00960843347
856,214024.2441180598
857,1122960.9314075299
858,5548663.710881946
859,1571312.5402979597
860,1371790.7873489584
861,521577.90225040773
862,1082810.640052548
863,1390950.8422007407
864,1309888.315039323
865,1108922.7143302863
866,2090255.8545290697
867,762573.5160406372
868,435215.14343598316
869,911275.5562720881
870,193766.01070998254
871,881644.1850509429
872,2580122.321641508
873,1117692.916264397
874,1368905.2597204584
875,842880.9424939393
876,2640248.686044829
877,550335.4570922311
878,476010.63574820355
879,2662815.868644482
880,790421.5717175228
881,886878.153795153
882,287735.29690288776
883,1309014.085760871
884,1015835.135312284
885,595396.3621486827
886,363357.02260189067
887,950487.2751414083
888,3563904.246869161
889,696674.9905437139
890,1473675.5428557498
891,1128061.9893085076
892,920362.7878546114
893,176854.82876356345
894,943772.6731070768
895,346056.87170534075
896,1367617.0297533167
897,216543.89412538044
898,975134.1989209832
899,5739788.155372027
900,877024.3024319578
901,427544.12132732925
902,584431.6766333489
903,2470658.7763707745
904,2073879.405494149
905,1995437.7471567465
906,848515.9641832935
907,1457464.4998825418
908,4229073.084851218
909,732165.8914971468
910,3529370.8034696328
911,629116.2742120087
912,1316334.0982655676
913,5475310.4240500275
914,2068534.7975983978
915,750356.2653867932
916,1011939.6998319986
917,1117329.462546523
918,358981.3025207402
919,1811158.8966186992
920,1214320.7915591518
921,478853.31586666964
922,1093669.5766396504
923,2021680.4804247285
924,3067928.0081615434
925,552438.348902485
926,2222421.113096986
927,5669737.313160271
928,2366168.9978578454
929,1007488.413214931
930,1290596.437087925
931,2601490.6320841503
932,474232.7286614215
933,1832800.7539849067
934,2312405.524865758
935,3966637.3313887003
936,2933509.4194611507
937,586745.1710308947
938,611592.4507473775
939,1047414.2573488341
940,2946604.1847422225
941,1200073.3857495028
942,704341.5986481047
943,316075.5477558316
944,843911.9688152776
945,840057.2332975193
946,2061274.1400206522
947,573868.5679716986
948,1849530.0082396118
949,1304931.8813207834
950,326032.08788826456
951,1678659.379771473
952,1272596.5830120943
953,1219024.95424079
954,980008.6134800148
955,2891696.5751752076
956,623566.4967866384
957,972829.0118444535
958,1163760.4736049208
959,1993183.2026798564
960,1271944.9663169861
961,787882.883866443
962,1530956.7744782113
963,817666.7661463355
964,1165722.6065720047
965,1097247.5274310638
966,2626019.611728548
967,3196789.3529855707
968,1206405.9570393015
969,2058803.7746547714
970,987405.6416027287
971,1009479.6373041486
972,695598.0205458937
973,1598142.7453982385
974,589896.9542786323
975,262465.01942153025
976,787168.0032322394
977,1653827.3744373098
978,1890565.56575766
979,735928.6233900194
980,602923.9752150251
981,937235.4633092296
982,2002815.8036190534
983,3423394.983150584
984,1204873.5626159823
985,1131727.9418989238
986,1002070.2304698698
987,1972448.0888447277
988,2148946.623985953
989,1316054.6234213149
990,584937.0955150253
991,729258.3734094861
992,1833108.1596676533
993,2368520.5402720985
994,867245.0983282856
995,921344.2923448328
996,1360900.983542717
997,406697.59287081804
998,1905607.0847537539
999,1091977.6107160298
1000,650810.5921027359
1001,1261296.4837694918
1002,1264225.0320552734
1003,3886455.1597488197
1004,541291.6834772457
1005,748377.8588064263
1006,4517105.555248503
1007,1326765.4805256994
1008,844424.4003260725
1009,683311.9461024932
1010,2935217.6909662527
1011,1125812.118105593
1012,1016712.3043262991
1013,1378344.6719627664
1014,2003102.4067118485
1015,915584.6714051614
1016,2387824.1553107235
1017,1135704.1075469044
1018,695557.5753441345
1019,271571.9526240746
1020,541899.2189787843
1021,1312663.6140986944
1022,1313270.5860508387
1023,823953.1741911062
1024,1382757.8331480736
1025,2162822.0901902346
1026,540964.978217139
1027,1109156.0359210263
1028,2187649.413116857
1029,1234172.376874897
1030,1730743.9206060334
1031,1397783.8791152732
1032,376493.6398748153
1033,1142998.1287712427
1034,457876.60937000887
1035,1377753.0923396845
1036,367581.58391933626
1037,1124690.3364169148
1038,335972.7087433032
1039,858269.9674112271
1040,3375113.3427941706
1041,1452669.9768159154
1042,800537.3710546347
1043,1177599.4258748756
1044,949213.078796308
1045,740067.8396138792
1046,1207821.8986387888
1047,1610870.632648419
1048,328900.6752265776
1049,896550.3688807423
1050,1258707.0603932403
1051,963157.8519363402
1052,1315146.0817012934
1053,939527.2063582146
1054,861181.9750463029
1055,2633941.849215304
1056,1190294.8923256581
1057,1628623.8837829914
1058,2240351.32736873
1059,1548847.0424951217
1060,643798.686001215
1061,938418.9768323561
1062,1405945.3820836442
1063,773343.1306737633
1064,1923926.4673753837
1065,466487.25112980726
1066,421365.97101709613
1067,1249901.178967658
1068,5383770.189241636
1069,934579.4737086082
1070,2502778.844057154
1071,1451296.3873549467
1072,2059748.4488867766
1073,1124058.957100831
1074,1597311.644755553
1075,2972157.7223204323
1076,1053184.9618144536
1077,995146.7340972932
1078,1047386.2128779743
1079,918917.3070484053
1080,1004686.0838131359
1081,1822909.3039437775
1082,428344.24955227185
1083,973644.6442590248
1084,1034668.5499670255
1085,431483.3187010138
1086,487890.2122638338
1087,2768249.0824336237
1088,2233721.966665677
1089,452108.0409527968
1090,692651.4849234625
1091,3183944.3476045066
1092,1646967.4617050607
1093,982388.0844330915
1094,1041634.6801950444
1095,3007024.6949049267
1096,673268.8063441206
1097,1769901.6685143588
1098,1636165.836986349
1099,1196436.5616566206
1100,1332369.7172590743
1101,537957.5727436369
1102,1357662.5683784308
1103,812943.7804646435
1104,1057785.0481294512
1105,1144514.3695045023
1106,3326959.952970802
1107,1241148.9478745265
1108,1128104.8311286008
1109,1323637.1882727589
1110,1278911.3345651755
1111,1576878.8936257001
1112,998054.9139229911
1113,1554303.718376803
1114,1795064.036259046
1115,2762343.292340452
1116,779996.7841898792
1117,1914585.9640293184
1118,613268.2204126013
1119,746703.5388976659
1120,377830.28311830503
1121,2331191.9530743514
1122,1981431.7746334907
1123,1360916.1366607088
1124,809729.1375035836
1125,501774.71791544545
1126,495326.06770203466
1127,1235558.9929578442
1128,1467465.6049535626
1129,653504.2202508323
1130,1189781.274028318
1131,1038420.8756102382
1132,689612.4527035259
1133,1927449.668999026
1134,1318774.6960909471
1135,1035202.7964986776
1136,1043206.7033559377
1137,603190.04851606
1138,3019732.4508935185
1139,690696.6236962286
1140,2062862.4783824931
1141,711263.5187162388
1142,4544328.383936568
1143,753162.5007867608
1144,2153419.0449984246
1145,2132645.0900900094
1146,3000262.2527202335
1147,1078652.9730031684
1148,245143.02894623784
1149,177199.58566836655
1150,1317572.2883539726
1151,1222320.6558927018
1152,1959363.39879736
1153,582964.5534380825
1154,635774.210105459
1155,478776.9646207684
1156,552287.0350681985
1157,698599.7605714045
1158,2355275.270045208
1159,3313415.859321725
1160,1804850.5500420125
1161,5831203.94000885
1162,810863.958434574
1163,192290.39191522705
1164,4645135.395388379
1165,527329.4045565213
1166,441388.88089127303
1167,2066928.7935866255
1168,1560691.0508406411
1169,1730737.8109020349
1170,776882.7814823142
1171,1010733.9372791729
1172,1481546.107536872
1173,1182841.997496605
1174,1037266.8048143097
1175,515760.77544998645
1176,944692.232941794
1177,1523517.4756058247
1178,942162.7153271666
1179,1642940.8983619467
1180,2144073.6893216805
1181,1089673.9911140893
1182,5075871.507861973
1183,4904904.017009371
1184,1436065.1265783594
1185,1968139.1658979151
1186,1404680.3443052424
1187,1775063.9351758785
1188,628603.1881769793
1189,789775.3390044528
1190,717617.9845100269
1191,328923.0214366944
1192,5236815.736749027
1193,2044504.902260417
1194,460128.45857690676
1195,917878.3202833438
1196,416420.3376896075
1197,2818433.947078854
1198,529694.9971168108
1199,1192939.0915363235
1200,1404405.4207505374
1201,923731.055276039
1202,7808191.305624791
1203,808136.6167517127
1204,388901.56629037554
1205,2424229.2342137424
1206,2691309.4812389747
1207,3003983.5747599485
1208,2566607.5180922025
1209,1189016.2270251375
1210,5420209.105360533
1211,795597.6572942265
1212,847805.7424914985
1213,1873424.4856385791
1214,402560.0828383449
1215,531143.4220844292
1216,1535520.2376660542
1217,1607617.0916750862
1218,1027669.7765200105
1219,816937.5004463714
1220,2036427.405010321
1221,1359496.1053392596
1222,1111678.9400180217
1223,1195990.895459123
1224,629520.9825112707
1225,2566569.8244545935
1226,931538.6317877163
1227,1026554.6565991696
1228,202777.421093655
1229,705479.858181925
1230,5835528.769022266
1231,1460801.7370580146
1232,629780.4275318364
1233,1359881.0325619085
1234,1863796.005515092
1235,1004797.358460855
1236,2115099.7295916737
1237,1401972.4919258098
1238,222389.29686770434
1239,1009277.2199043782
1240,1151832.8193098356
1241,3234965.156701191
1242,555156.7006318271
1243,1930778.5102088193
1244,308904.7148572323
1245,550296.6163619322
1246,2190107.2635355727
1247,1165257.1181363652
1248,1260747.386997597
1249,2364885.4886772735
1250,1074097.7824964968
1251,920665.0456933117
1252,1371324.3172799537
1253,612239.2047856867
1254,1235751.4722334698
1255,1495369.3606999123
1256,1020310.6746813396
1257,2176326.498543709
1258,1367063.7791693823
1259,1570172.775023442
1260,867217.1361942315
1261,625586.4527469563
1262,1450443.5507702376
1263,1079512.2153624452
1264,551158.722017382
1265,1680150.5206935948
1266,1067555.4135982613
1267,1464944.6428108327
1268,428609.584746681
1269,2336196.165911373
1270,2675847.109273112
1271,1059535.757328002
1272,971724.53441164
1273,1946260.4083226896
1274,1820784.9883136037
1275,1181401.7673266258
1276,658794.4470546993
1277,522141.93493110884
1278,7832332.100018716
1279,2663256.5503810076
1280,1067118.3477294422
1281,1095669.5209299796
1282,695861.8015032482
1283,1180420.656638323
1284,2547421.341172178
1285,3252592.229957245
1286,427384.04222484725
1287,2272020.5220580893
1288,982940.4384638674
1289,614373.6151367263
1290,1151165.008661731
1291,1489659.5860268953
1292,138192.60986583657
1293,326812.5081838854
1294,142186.5870810419
1295,1368681.4499798876
1296,1964670.4388339561
1297,5155745.85778139
1298,1227474.254815254
1299,935596.9880452643
1300,3045594.5484330785
1301,1361978.33405118
1302,974235.0122992849
1303,7076640.1479790285
1304,1302815.3541997117
1305,1576564.71301914
1306,396357.6660553098
1307,601146.0642939797
1308,4157097.898738509
1309,679312.6753419826
1310,314679.80056796124
1311,2366248.3671071515
1312,1643140.5192797547
1313,553518.2639739437
1314,554198.4503024761
1315,498518.4407857954
1316,658217.548434904
1317,550080.9290664501
1318,3116453.550578765
1319,697085.1743624986
1320,1965150.9115521624
1321,1321469.7473030116
1322,611951.0186517873
1323,1741913.0453039417
1324,1862118.1865551276
1325,1253997.8586210196
1326,1025418.5873205046
1327,1806562.012994401
1328,2114697.315617855
1329,1094366.4006114511
1330,631305.5446816372
1331,950252.2190448481
1332,2106324.531822487
1333,884389.4077536254
1334,1145526.236714109
1335,961783.8809965631
1336,853921.9488453662
1337,1243205.5429848246
1338,240122.00578577915
1339,5812867.08966854
1340,5617106.361418701
1341,1595729.1140081347
1342,1613237.9359163244
1343,631623.0939262803
1344,360913.28989108506
1345,2364019.4228904713
1346,838741.801604694
1347,862668.6033841923
1348,4144293.749047435
1349,751136.7589832849
1350,930439.8201489598
1351,536929.6006170545
1352,1466287.547810495
1353,2445258.7095640395
1354,664171.4791833314
1355,6039893.713929322
1356,1188301.0370271918
1357,5821420.9166615065
1358,1904089.9246972285
1359,695636.1797861492
1360,667564.7721258907
1361,475143.6191141039
1362,1800831.6011470405
1363,1071414.1722606805
1364,555741.8963493911
1365,409041.5044958277
1366,5623078.169550175
1367,598642.6115073061
1368,1748826.2755369002
1369,655804.4173300138
1370,1023206.9715956751
1371,542184.3217804348
1372,1163436.343840579
1373,741170.7776905968
1374,1035823.9071980416
1375,1772854.7037954875
1376,1224233.6628663572
1377,1258352.87591177
1378,1867425.068686494
1379,770261.7804385844
1380,579140.7031524072
1381,305759.65639883064
1382,689466.1227841506
1383,904431.863485612
1384,1386079.1323236786
1385,1493963.1786918167
1386,4628689.796501784
1387,1882433.009718535
1388,670023.4451974583
1389,643728.4762528051
1390,1228763.4082634712
1391,816344.1666302785
1392,768161.8005351692
1393,1641266.5700144041
1394,2938312.782606598
1395,882246.2432210717
1396,1518679.3142168473
1397,213886.1537690353
1398,1082734.4810914092
1399,976247.2648990405
1400,2672277.1825034944
1401,2586385.85715237
1402,243401.691554771
1403,1063271.5753532907
1404,599820.4279125136
1405,1717450.5853612563
1406,1685418.516219838
1407,1055513.3078474114
1408,2423631.7444796436
1409,1353475.4227279583
1410,3171503.7267977367
1411,1564467.1753424811
1412,770492.6475679969
1413,5649988.419712333
1414,1935012.837636891
1415,1418304.6607083092
1416,1187408.2210546131
1417,2608359.44891589
1418,628031.7699026533
1419,701888.5724388554
1420,1295226.3284971826
1421,1729753.4047794787
1422,794546.5688533197
1423,2999497.777362646
1424,620647.0273322266
1425,2460020.478977353
1426,1580051.0561104906
1427,3044475.1422762037
1428,752340.7491570701
1429,882803.8939103689
1430,931884.9017890504
1431,1574878.3326583314
1432,1001381.3362794726
1433,454250.6879118272
1434,638485.7308566264
1435,1164084.254065373
1436,1352394.4847431197
1437,1094051.9070452978
1438,1064596.772773955
1439,1269490.4899274423
1440,339429.8459824575
1441,1274432.872395647
1442,728129.7660038562
1443,3534669.4530127123
1444,958466.1270752967
1445,1224419.038647909
1446,1165100.744822659
1447,950438.7717561531
1448,6199117.506651056
1449,415617.9329612334
1450,136642.29860206996
1451,231801.78872986822
1452,1026727.5001193288
1453,782373.5391159705
1454,735395.6489427801
1455,848043.7416910762
1456,3042257.8368469747
1457,776792.0016648248
1458,848380.8906550015
1459,551349.9663111985
1460,967078.3992727805
1461,1722444.030538817
1462,1235042.239046617
1463,935684.7816913611
1464,329004.1997809983
1465,332072.1087235052
1466,1176876.4713135096
1467,1313453.910264197
1468,1490454.3185453007
1469,1694750.290966677
1470,823011.9457137879
1471,1590632.1370009086
1472,1218197.309443308
1473,1204440.6939466905
1474,2351961.761341842
1475,926584.0670457132
1476,6394214.2769041825
1477,223611.69481352065
1478,5214843.213480303
1479,1359920.0534794305
1480,1041750.140000911
1481,228926.83383731407
1482,1324856.9115160771
1483,1136681.2565782545
1484,2096879.9968601812
1485,595093.8369042103
1486,857565.0734789333
1487,3520645.37485175
1488,1056860.1062832715
1489,1449547.6325101277
1490,287957.307108628
1491,841969.7813788345
1492,1055027.2595058414
1493,2249708.886506682
1494,745632.4613993838
1495,900293.8889067157
1496,1337723.433454894
1497,2340189.562674298
1498,865437.0597085827
1499,1816084.1408528858
1500,1200638.0346824587
1501,560337.7145291148
1502,2317879.807046097
1503,575990.1867063269
1504,596940.7775197647
1505,456387.5817031183
1506,1111704.171710122
1507,2595447.99539769
1508,746671.353037675
1509,1371579.252586905
1510,845710.7490029379
1511,1062017.1308921014
1512,1119290.4301976147
1513,2074496.0326614887
1514,645247.2733534363
1515,587310.9223440113
1516,1146226.5834881086
1517,1214842.1058172267
1518,635638.2122453406
1519,1314269.1849303672
1520,828585.6875618323
1521,1178426.8390225417
1522,1598141.9117433897
1523,658316.4802658812
1524,4084603.3048396762
1525,315864.81255371403
1526,3796947.1419061245
1527,622199.0883766926
1528,3004291.2449022047
1529,1186103.8327112843
1530,1255392.6948052223
1531,1287635.9666441358
1532,273598.21779429086
1533,323918.7485041867
1534,1189084.5842921832
1535,1089548.3609678494
1536,1413938.8289430102
1537,1711205.7548746865
1538,1238308.4912462935
1539,1436283.8143856893
1540,2459781.8294391055
1541,713424.3566267345
1542,1131408.212269289
1543,704377.8613155981
1544,1103298.5105577765
1545,2575147.8636223595
1546,3075833.872306917
1547,1442838.9289403511
1548,1715710.082800004
1549,1247628.9870220828
1550,1481494.1108838334
1551,1205017.9022095136
1552,398627.50605868275
1553,565811.5719996395
1554,1649901.1403268275
1555,881423.3619492004
1556,1073624.9181758638
1557,868443.3823063077
1558,1089728.2805196487
1559,1257545.6211044725
1560,1406353.6388088374
1561,1040329.9508699601
1562,787380.0055153602
1563,1713688.5926786195
1564,712463.033551633
1565,1075127.9447133867
1566,1870149.7142079165
1567,561940.395280859
1568,691607.8054417692
1569,1172059.9471714136
1570,882107.688365209
1571,1077415.552589567
1572,3030944.6071903356
1573,1963226.5713357797
1574,2164341.0924304496
1575,6745607.762821566
1576,860154.5716603294
1577,578312.8985282856
1578,1158159.137721967
1579,560746.8717930734
1580,1608168.00316274
1581,1845755.5910019807
1582,1145187.0199739449
1583,2761403.896291327
1584,9904745.160178775
1585,699531.0494919396
1586,1083549.7345829166
1587,2756749.1757587395
1588,1421783.9268162195
1589,4410610.996777609
1590,641191.5307929324
1591,3129443.0260865293
1592,1602178.5250733953
1593,2359008.324180682
1594,664532.6063987311
1595,3037929.7129993876
1596,453098.1130898638
1597,1812160.152353849
1598,581920.640658334
1599,229468.33180397385
1600,658407.0405546719
1601,1195202.7212290321
1602,764564.6759558353
1603,1090211.3990141298
1604,2967249.681324162
1605,1712667.387387296
1606,3075676.7303131972
1607,1308681.739494106
1608,1810445.6208402454
1609,3521606.007555983
1610,790989.632878556
1611,1314502.6581182326
1612,1351952.6443029533
1613,2280634.661715553
1614,980597.5027986912
1615,1776454.5988693577
1616,7010043.005062314
1617,838383.8462836932
1618,2767594.317023101
1619,655734.9825747077
1620,1622166.4292428102
1621,1172473.8524893888
1622,2068084.940008442
1623,1451908.726656989
1624,1956588.2669685443
1625,2373949.2814681083
1626,993240.9433583757
1627,484221.75247749774
1628,1653607.699540117
1629,1274287.7794220685
1630,1327595.8943115599
1631,980173.4611972338
1632,666832.8213853646
1633,424409.6662507162
1634,1377841.7692377942
1635,1786431.3853192513
1636,1592819.2537232693
1637,1047594.129336304
1638,490996.55164332327
1639,1700332.2436936463
1640,283155.62999053113
1641,627701.2045229239
1642,1183295.5805236117
1643,3110394.479230726
1644,1764836.423185297
1645,2198031.6883074907
1646,2212065.74810373
1647,2768697.6714044353
1648,1012500.1367572743
1649,981992.1985762418
1650,1409936.4116571133
1651,1580305.0557731614
1652,1723130.1319436354
1653,1287407.5074604456
1654,3557893.843299536
1655,254596.01225967682
1656,1879630.6465390422
1657,1866342.0477240125
1658,2883061.7242094637
1659,2104869.895196533
1660,1061533.8011805841
1661,975343.4226992879
1662,753273.1630155876
1663,1116900.836850114
1664,1262967.2205809306
1665,1233835.9129430517
1666,1456494.3164870169
1667,530198.7678485356
1668,919381.8986883952
1669,1790452.0892073985
1670,1298378.2450485127
1671,3162125.4479360594
1672,2964483.0025605485
1673,1426618.1577048143
1674,2601460.2246004925
1675,1091740.033366512
1676,2875117.994460939
1677,1280481.880509001
1678,5266134.830885343
1679,229490.5991337461
1680,5364505.041913491
1681,1485382.9731382164
1682,1923402.8561413405
1683,652109.6356768879
1684,5525135.891860904
1685,1607700.3879698305
1686,585571.243166597
1687,296312.16700040834
1688,1406637.7178760816
1689,454180.4409984189
1690,407898.88818327937
1691,1258903.8113049204
1692,1270828.9357812987
1693,362096.5725645943
1694,240516.6683081945
1695,928507.7553178786
1696,5432549.111042845
1697,2792354.853863169
1698,460601.06946671696
1699,690218.4698863128
1700,1187043.9607191123
1701,857778.7038662077
1702,3003964.0276484615
1703,1813845.414651192
1704,724601.7807693514
1705,2352512.90355404
1706,2119168.6859386303
1707,1290484.9602555851
1708,3029878.9775219993
1709,2227024.3538913443
1710,947192.2427606218
1711,1173986.7358971727
1712,1426135.3611586955
1713,1313960.2604260447
1714,1056857.8352611545
1715,2609089.8323132643
1716,854650.2048194838
1717,837814.5967131484
1718,572367.8996192202
1719,1802597.7827117536
1720,1139031.8096577825
1721,938051.0389791462
1722,2431945.7437902233
1723,1162398.6912728064
1724,401057.56974126474
1725,518352.0393526763
1726,2516573.9822566994
1727,3089561.4142711665
1728,1625170.1684221197
1729,507201.42112939124
1730,856512.0910418307
1731,1131493.9392446778
1732,760026.4575913543
1733,1712545.6837847948
1734,1474898.577931574
1735,2680530.5994245936
1736,5448074.005260629
1737,855522.0123431943
1738,1495012.7627006576
1739,297005.64616805024
1740,510249.43582120974
1741,7676663.431332455
1742,632840.3235162022
1743,2623581.9999374994
1744,424427.5217335594
1745,2112024.590583461
1746,1225062.0097518698
1747,628054.1538762302
1748,435634.2750479018
1749,639745.3890767079
1750,1211854.1656281776
1751,1416908.4154178556
1752,963424.1156583811
1753,2777097.5433717286
1754,531648.0721032963
1755,3561275.8975885557
1756,1286575.580304502
1757,983652.6701597212
1758,2164291.6320526456
1759,918081.8664535295
1760,3930546.6358525497
1761,1367442.6160588793
1762,2652078.448613665
1763,1530920.5848367128
1764,3357323.128157939
1765,1036240.5251478631
1766,936911.1863015067
1767,1584239.2979230662
1768,1332042.4669817558
1769,1460065.488101423
1770,797503.9553546698
1771,811475.6823191618
1772,1470590.9369097669
1773,1413258.050152798
1774,1503550.9682669404
1775,1139280.2968716521
1776,1235950.9138721926
1777,686379.571137055
1778,368238.0862470424
1779,482810.66557255696
1780,1509476.4588602136
1781,1205973.1247350427
1782,776481.9517453436
1783,804273.4385380289
1784,960320.0669107406
1785,720771.8646489965
1786,2054575.5352505927
1787,847538.2291196326
1788,1697140.681597285
1789,1860756.8879403798
1790,2794763.3445009994
1791,2479765.8729567565
1792,1126706.4475832337
1793,2668563.5202368908
1794,1710050.9594814498
1795,1076964.5742827645
1796,406193.72012441
1797,5557874.50489769
1798,517946.0854011032
1799,3515201.266397101
1800,620834.0833436864
1801,1778241.5420635336
1802,536747.981435712
1803,604091.1768759171
1804,949269.0984105318
1805,7338668.148448012
1806,523972.9938252023
1807,320138.9263017513
1808,1648800.3133796966
1809,2064446.2411540856
1810,1875283.8741825742
1811,2766683.5074149705
1812,648314.3850859787
1813,642040.5767633463
1814,841055.8411620331
1815,1329530.9829388158
1816,2774797.759166483
1817,5449561.358743205
1818,1416150.548664199
1819,1335132.075010553
1820,1871005.6183439775
1821,930500.0032926963
1822,1747079.0996970334
1823,1005552.2164962849
1824,966295.972847264
1825,3997534.436123213
1826,1019388.7854479374
1827,5087169.580365061
1828,1645433.291677754
1829,733491.451335235
1830,581552.1686741832
1831,6452313.9686634075
1832,1704137.9366953864
1833,6906819.323411663
1834,2932854.5250463923
1835,3292135.0124324947
1836,533473.8977941942
1837,2158699.090800859
1838,1640677.2321304355
1839,679129.5720648258
1840,297226.0541877042
1841,1098273.8404855249
1842,2581739.585459057
1843,945115.7646687949
1844,1625297.2974267164
1845,889265.9962729433
1846,1099725.5881383999
1847,982585.5857165654
1848,736186.669786993
1849,1081379.2256143496
1850,2740287.196251857
1851,2927834.6653276035
1852,801596.51524252
1853,1905705.899132928
1854,3334748.9152382207
1855,1822546.5117472943
1856,261336.54001525792
1857,4665042.49015689
1858,735155.1340521278
1859,1433102.1024443577
1860,4413125.038490619
1861,156183.0534175497
1862,912556.2440965488
1863,1171133.463373332
1864,558539.7076373172
1865,585850.2226161683
1866,1220270.4523878763
1867,2325836.218344808
1868,1295975.1029232494
1869,724618.1434206294
1870,710811.6732409657
1871,1559255.2203642444
1872,352742.72375561617
1873,629583.2048847518
1874,4158429.207948108
1875,2007785.482887651
1876,5799286.851616736
1877,823378.224933363
1878,609637.3202214659
1879,1200404.562992307
1880,489120.09293796064
1881,713920.3130760926
1882,848660.2200760744
1883,440739.8707154307
1884,1035239.8213680419
1885,2377845.7335845144
1886,674136.580880287
1887,1200774.8177336531
1888,2635206.63953594
1889,713331.6771945137
1890,2223511.7082057158
1891,3318313.747523547
1892,589393.4393127394
1893,233529.54355002704
1894,490611.25469141547
1895,1460649.3851121601
1896,4223077.510417342
1897,487626.77658262086
1898,452130.65962897416
1899,833074.0439036505
1900,129229.15596150607
1901,839076.422650827
1902,2529024.6546123745
1903,374564.7253267132
1904,593850.9060056934
1905,1586673.2158337187
1906,444220.8957619136
1907,606623.6610168833
1908,1204300.6648564262
1909,1050651.426855536
1910,983932.543961838
1911,1954285.8613583501
1912,373718.01367277367
1913,1128650.724785408
1914,1794112.0627747115
1915,5396345.949803601
1916,1585922.687790834
1917,263356.9762016463
1918,2293139.0842443914
1919,5518106.695645957
1920,1011402.8458470405
1921,5361908.510721876
1922,527887.0119528269
1923,1309717.9561404758
1924,1667918.3288044876
1925,1372378.1551512538
1926,1038021.247922627
1927,4489700.4032058325
1928,1671874.7504672273
1929,5366332.916093674
1930,1051686.4115142487
1931,713368.6193043407
1932,1022046.352306066
1933,1889135.2711691235
1934,531472.4959511919
1935,699179.634310259
1936,2281581.7365315314
1937,3355209.39490636
1938,180075.59880091905
1939,1024351.189628617
1940,2470841.8798884186
1941,1275548.765974874
1942,4805194.153029987
1943,1152982.4107662975
1944,1660790.804024387
1945,2872731.6570193684
1946,995866.1456261802
1947,910687.1405849459
1948,765876.582798784
1949,933460.3826860478
1950,990066.0589205481
1951,1751541.1144035435
1952,994970.3737779822
1953,767817.3279530165
1954,1328003.1525980087
1955,681949.3137965653
1956,1956663.8412945103
1957,586393.1582475901
1958,858811.1696617939
1959,1998918.842629664
1960,1275904.6399143178
1961,281367.1977427725
1962,265168.66864809097
1963,2324410.406640125
1964,409310.608835199
1965,3045916.3307787846
1966,880595.7607115868
1967,3005031.9090324547
1968,1510712.643327579
1969,2051816.144560774
1970,489291.14452649624
1971,518679.25957838685
1972,1637850.423700468
1973,5672864.589276059
1974,1057737.0475957666
1975,3472437.4924088693
1976,1013883.5194226018
1977,2575164.0818972
1978,2671548.198229865
1979,659136.0882450917
1980,915584.6714051614
1981,950820.0959133715
1982,1039593.0246636174
1983,5535902.2173100095
1984,231691.7484256864
1985,275687.49886262394
1986,1120817.059478346
1987,1060210.9150298608
1988,1678155.3952777034
1989,425618.09641194803
1990,5432549.111042845
1991,2425433.5291079143
1992,277819.9899230592
1993,1370283.792812203
1994,715459.2417939794
1995,2874363.103391231
1996,981523.7710867325
1997,952485.8812825466
1998,291809.77341678186
1999,867072.0865429073
2000,673988.3709090292
2001,653145.181441617
2002,1689707.6214474693
2003,2493448.0869183796
2004,585966.1433520319
2005,2987666.8424998783
2006,2486906.7836746546
2007,462877.0094911059
2008,1069586.8855003857
2009,3153673.4249139605
2010,1105747.8330673412
2011,1489116.0208599123
2012,2637114.0705836816
2013,128006.82534976618
2014,1216014.506843749
2015,1423314.651688743
2016,4626807.806255674
2017,607505.3497162856
2018,1361936.0048102094
2019,2033655.977634079
2020,1125090.5773906629
2021,2448032.9821974393
2022,767295.0190200517
2023,919102.1462618087
2024,1179402.8215291437
2025,1773691.4908153852
2026,1185053.5617144224
2027,621577.8117891732
2028,677011.1635639669
2029,1082921.2095309536
2030,560218.4656513989
2031,1003428.1281242841
2032,1862998.148468471
2033,931172.8496418269
2034,2995056.0637888964
2035,3842718.55269566
2036,370025.20446888095
2037,1046695.9737502428
2038,386077.7883549616
2039,2445785.7203943445
2040,413638.18044116144
2041,1034681.781307374
2042,2135119.221981253
2043,3366694.9747691588
2044,1505256.0114188467
2045,569971.5361770854
2046,692971.6942733403
2047,578984.3716886993
2048,929038.7614601502
2049,858046.3883941198
2050,1137683.6301290055
2051,939617.7776852755
2052,1359278.277645639
2053,2154396.869324051
2054,1723779.697214076
2055,572479.4121753919
2056,1455997.278823819
2057,679918.5671356613
2058,1533786.481522247
2059,525655.7770088039
2060,4954050.30382965
2061,976919.9465095107
2062,3027973.7442490193
2063,413653.08224443276
2064,2132641.1760045034
2065,1112557.6885605822
2066,1048465.4412353894
2067,2212651.288546091
2068,864295.0317822495
2069,974247.0491774948
2070,2695091.8546575736
2071,2589081.220103545
2072,904875.4061293912
2073,1390009.873933622
2074,3863886.0308973007
2075,5009253.708868949
2076,1817374.720203749
2077,583463.2916384017
2078,176512.3268637335
2079,1077947.9724684511
2080,1227942.8974913019
2081,1128161.8810485266
2082,1075263.219691314
2083,4066746.977889142
2084,893493.0838736916
2085,5379331.755249238
2086,2679912.125466321
2087,3372423.1641283757
2088,1492640.2705179846
2089,2211921.157563452
2090,420632.3871903997
2091,967263.4903242423
2092,2478427.8033279656
2093,2125652.504725364
2094,522659.8769862687
2095,3142840.4813625775
2096,979931.4039369039
2097,626503.734288315
2098,1058528.622986039
2099,2423556.159188317
2100,1704335.50918495
2101,521242.4213020754
2102,1103200.8013311473
2103,2128729.553970747
2104,1842300.6036958024
2105,2527841.6274338197
2106,1762924.2442490116
2107,1005741.7653093367
2108,2890276.4887094763
2109,638154.1571860908
2110,1287687.1364184823
2111,1512903.4085587764
2112,909074.8841875946
2113,1148220.6481462384
2114,586551.7476840692
2115,520007.1232897609
2116,422162.900641278
2117,534106.0179234061
2118,468353.91217571206
2119,1599410.961919782
2120,1088221.7107590886
2121,1663858.7600912615
2122,1231197.8499837392
2123,1006926.8557321138
2124,2456248.7628123024
2125,2406707.3504445516
2126,1557589.0958317507
2127,1121766.0509285044
2128,2430968.3419242096
2129,725880.6899131121
2130,372059.96726350783
2131,1014557.0486123759
2132,848383.9284222567
2133,2118983.267477264
2134,1412002.662421495
2135,388198.36465055647
2136,4659115.647061937
2137,942975.7075116216
2138,1795858.72593654
2139,786243.1637482088
2140,1193968.3699392113
2141,387637.99543527287
2142,1119115.7811393032
2143,1760404.6352619065
2144,629117.5303501092
2145,1394891.8385630075
2146,1243196.731119461
2147,4162385.1146378713
2148,987616.6880578108
2149,2756832.6408812953
2150,1065237.163855461
2151,2263518.001210032
2152,633370.4941268456
2153,2099104.440650055
2154,599750.3139622512
2155,2634457.2884454583
2156,1596519.8106512206
2157,1446884.4472202726
2158,979922.3543891363
2159,3055799.678550319
2160,2320068.7393073207
2161,2509566.422380213
2162,1175496.2160149706
2163,3662781.4492653767
2164,1538691.4732016337
2165,2900890.5972045306
2166,470963.755192026
2167,2723604.4989625
2168,1501566.9106295493
2169,617827.6924990331
2170,799663.1267436505
2171,440226.0359163557
2172,969129.8903145299
2173,3074025.4038685197
2174,497036.7115475226
2175,1298890.1040742842
2176,511422.45888966345
2177,893584.100460659
2178,2199671.735718371
2179,1642364.561246035
2180,468558.683432539
2181,803394.8720488845
2182,3109054.2268507965
2183,1405474.9151060216
2184,2782796.6546232873
2185,968769.5420900563
2186,1682959.7866118161
2187,1306472.8723106629
2188,1583839.4107930672
2189,3706060.00487497
2190,2951194.8649307843
2191,658066.1641799306
2192,1893132.826718269
2193,1991082.5783377928
2194,1025909.6007255294
2195,1411800.5217454412
2196,1533246.3666087722
2197,2003636.1469879006
2198,931984.0238063675
2199,426659.15123294096
2200,1703297.1466383382
2201,3571192.9321030932
2202,1032781.2839453822
2203,460459.2523029389
2204,2941317.493213749
2205,874434.7321122014
2206,3095884.424102908
2207,1552152.3769698278
2208,2026354.8099576985
2209,2424872.524430914
2210,691196.0982423308
2211,2065624.5708855912
2212,675832.9233229584
2213,915802.1373184732
2214,1138548.543649619
2215,632490.9732970907
2216,1358196.2289758876
2217,293451.08168366714
2218,2544558.2270012875
2219,2341580.699340842
2220,817455.0195801058
2221,3315975.5144021027
2222,2395873.416045001
2223,910542.9445169617
2224,716391.5198241897
2225,1205306.1506797741
2226,781214.0807029412
2227,1042002.3031959715
2228,1385209.047507189
2229,891473.1538788072
2230,1700487.9336803218
2231,819158.7666041404
2232,355815.8687766218
2233,1029124.2086158319
2234,614248.2541646219
2235,587658.1133388205
2236,1093893.9288923063
2237,611537.6008509919
2238,2844811.118886827
2239,474580.8004043369
2240,1683049.665955958
2241,1641698.0363164276
2242,1196515.9082376976
2243,1327985.5353266038
2244,570405.3835735305
2245,1348900.0089816086
2246,2742933.8325637346
2247,2711039.1784484456
2248,591053.4629714631
2249,442344.289633088
2250,1089685.5190866322
2251,7930766.413264154
2252,418872.3152048619
2253,994357.3968388595
2254,832123.5636136852
2255,411237.92094790493
2256,1706861.4651220245
2257,1242946.8301678563
2258,2579260.1982821883
2259,3366434.1049257317
2260,2293976.0328141134
2261,1136639.4094899315
2262,676449.8952496499
2263,1534139.4923920732
2264,1092123.5808147092
2265,385210.5997579977
2266,568698.5516563841
2267,2221410.626681969
2268,1370753.5264252296
2269,1716230.9867488241
2270,2092410.9306507935
2271,674485.7772331028
2272,877911.3935527283
2273,995858.2872622
2274,5069703.505026609
2275,1320128.1904293457
2276,3356253.559100998
2277,1408120.3564301548
2278,3387781.4064651984
2279,467076.7105374439
2280,850954.9649764945
2281,1543262.8540565423
2282,1004991.7619058294
2283,1090389.3812728927
2284,2318346.4819918578
2285,729376.0142892925
2286,808156.5209002378
2287,211643.56235614297
2288,1426867.0761207528
2289,3054193.2618815987
2290,1372427.0855726104
2291,3130110.480238005
2292,1589778.348344905
2293,703069.1953531365
2294,597189.1157493594
2295,571943.6863787838
2296,2932854.5250463923
2297,1144048.2265683715
2298,1160726.9406299563
2299,117866.47840919968
2300,712947.7131800118
2301,504499.5206845556
2302,2560049.8711452903
2303,1136322.7400039872
2304,7509633.668254187
2305,1408733.6945422073
2306,483161.63744493586
2307,1205590.9936150026
2308,3485370.1767753363
2309,1441632.674345099
2310,803059.1157274833
2311,1081109.4708751473
2312,855917.6639976043
2313,1044004.7065636573
2314,5649988.419712333
2315,864859.4347815427
2316,340416.0910344639
2317,805794.7749676345
2318,594755.8536856943
2319,1897735.8352874895
2320,7669184.116947837
2321,198271.93031256273
2322,1313883.5804082446
2323,1293173.0510413
2324,2007893.4329948118
2325,1725999.1567543088
2326,5023079.0163850775
2327,1801831.4408148997
2328,969451.801038944
2329,611413.7034075051
2330,612590.911946735
2331,840140.9495082652
2332,1774492.4495921605
2333,996134.3244957083
2334,4075839.5176415583
2335,972785.8349875866
2336,774721.459050585
2337,1539701.3400824121
2338,800136.9756547431
2339,1557365.6302455743
2340,1525067.5227245803
2341,1599535.5322151058
2342,867959.0068631873
2343,3308722.3605807982
2344,1974044.6615511633
2345,672237.3677360695
2346,512221.2244869155
2347,916122.3145505479
2348,419583.81207026204
2349,1198313.60973769
2350,618353.1192353854
2351,920236.3462322811
2352,1617823.0427189437
2353,2197543.4378991243
2354,451467.7679757616
2355,1479461.7444870132
2356,1299877.1336761436
2357,1541178.3246004295
2358,1630780.9364545902
2359,1135675.1368134918
2360,1579197.9254035312
2361,1138442.0329377842
2362,1218207.9466847572
2363,1102869.9824556708
2364,1238099.520184548
2365,1130414.8138145602
2366,1769260.6407050546
2367,760433.0946242218
2368,2531214.1412949627
2369,5737381.324002288
2370,143240.3201214307
2371,1760262.2493180612
2372,860628.0119147378
2373,1669596.0544727622
2374,1676070.3584464586
2375,755638.8764611279
2376,3012645.5579818413
2377,487368.94420051796
2378,1690009.1221609719
2379,3463191.4505005646
2380,1138862.577940963
2381,2118532.014969231
2382,625740.7395295061
2383,1018448.7191423638
2384,385494.83780696214
2385,306887.21723748214
2386,859383.3191963666
2387,2977429.6269106907
2388,636253.5591231517
2389,2293704.5723448936
2390,2556545.535265521
2391,676471.639566594
2392,915588.1938500222
2393,598640.117922731
2394,921493.9458089685
2395,743285.653167586
2396,2316303.9636424053
2397,747629.2440332312
2398,1261497.5374145901
2399,2627014.477329195
2400,446879.5904746962
2401,418675.6400911321
2402,1226537.9580032728
2403,955505.5076591003
2404,1045002.8622026396
2405,1346743.7892708532
2406,1195314.6081268108
2407,2261291.065410835
2408,1113717.9860644713
2409,466634.1099318864
2410,1226594.0896531409
2411,1142226.930214434
2412,822054.8044206548
2413,2392624.7083056117
2414,975105.047628704
2415,2924387.4641460064
2416,711075.2131336833
2417,5624824.403232733
2418,3714544.3631318007
2419,577315.2372284639
2420,518691.92442584445
2421,1147645.7987467293
2422,2813764.4303152524
2423,529331.1376421043
2424,995485.6548055345
2425,1224551.291944386
2426,851553.9652428194
2427,755061.9076060668
2428,691740.2463325777
2429,500911.39140217425
2430,687537.4171677763
2431,876428.3183184741
2432,1070820.7394782407
2433,465609.2980618568
2434,2762156.6018869234
2435,615042.1582845136
2436,2338788.991088835
2437,1265050.609987984
2438,1430804.5619030525
2439,777118.6852566764
2440,1451199.8728504064
2441,1090803.8666533744
2442,271945.004131445
2443,885871.1828285241
2444,427194.0992852418
2445,895052.629824274
2446,3049280.465113574
2447,3004814.709090506
2448,672187.0501568724
2449,1341235.337584617
2450,984975.8270080066
2451,506221.46693978796
2452,1850551.998895385
2453,703875.0576637099
2454,1260207.599949731
2455,764726.8250514135
2456,1404646.9635443967
2457,731164.5499294095
2458,1514181.3695416113
2459,668522.4820246609
2460,861722.1282441163
2461,3932939.8766575377
2462,1281581.957522216
2463,1024002.2501088749
2464,905234.574122257
2465,7122238.01232061
2466,946371.8573969029
2467,1580373.6296561393
2468,1697310.7434826877
2469,2405982.907062964
2470,2556795.188824149
2471,940876.0611764094
2472,1455290.7962427447
2473,1312538.425876252
2474,1179333.521593541
2475,963323.0439396668
2476,661240.1480316189
2477,509257.3962252984
2478,451823.0736572281
2479,5841444.661981141
2480,993282.0443907711
2481,1664867.2993687654
2482,2602064.46735095
2483,968757.9357120785
2484,523766.84769002325
2485,649720.2843782641
2486,2178226.8921658597
2487,1001191.3297340751
2488,2333831.176259994
2489,740520.1506394452
2490,2048452.4548117435
2491,1362885.1572038129
2492,848367.4431309025
2493,2958561.977390127
2494,880243.0828311464
2495,882399.7953153859
2496,1125816.1410592368
2497,2469795.4645809075
2498,2044614.2544470164
2499,2747185.573452909
2500,891703.9762135219
2501,1154346.4322647077
2502,975358.6636364852
2503,2501170.3056136
2504,833889.7363261902
2505,1310860.3539366482
2506,1450396.6139602668
2507,446218.4067124544
2508,644483.926068734
2509,1292039.699241129
2510,5395610.617509032
2511,1873934.0297327978
2512,1476140.5127527574
2513,3677037.0307014454
2514,779086.2684195576
2515,1796600.371218829
2516,484914.10167710035
2517,512149.80042424484
2518,1077591.1164180061
2519,1644480.34333091
2520,4630775.764654727
2521,458950.7064540684
2522,840609.052712588
2523,1178628.8445532015
2524,571981.7737971654
2525,2077273.877349567
2526,326248.7686134525
2527,1555457.3425430262
2528,625366.7702003035
2529,557643.8791249644
2530,1306295.9571149214
2531,927550.6939974407
2532,1018159.3702218295
2533,498174.357809645
2534,1239167.4683070327
2535,612536.0209088259
2536,1358074.0281077889
2537,1495610.131832063
2538,527682.1210844629
2539,1029954.965705236
2540,3185988.305287617
2541,434138.5030492387
2542,3906881.4932568003
2543,1202099.2634163243
2544,3073290.6376290713
2545,3408967.9323394536
2546,1059009.6407014404
2547,751439.7506237038
2548,4448157.600541559
2549,1104706.5854685314
2550,460436.4806263949
2551,944889.4067904567
2552,492907.0819381145
2553,908974.2401429507
2554,957330.9395462713
2555,1123235.6364836625
2556,1137760.9858280085
2557,772733.8329605766
2558,1366633.585570077
2559,509358.6207999667
2560,391862.9470742436
2561,3295855.9607465956
2562,3117937.6733682402
2563,2881007.2508391393
2564,7584861.765598121
2565,750239.5028697966
2566,1672038.223577152
2567,1223525.8140873252
2568,308394.04470770835
2569,609541.8844535245
2570,1912897.541817047
2571,882613.1650747322
2572,1190014.4476999973
2573,971826.4500256452
2574,1098213.9922677353
2575,2817349.335682914
2576,249122.2220208049
2577,1907753.2298580096
2578,671849.9643126727
2579,1087996.8271900855
2580,586018.6729269951
2581,1335326.5296780604
2582,1494647.5587133232
2583,946554.1764023359
2584,2071255.4327805396
2585,462233.9930515324
2586,1272695.3035867817
2587,990724.7753630037
2588,1352563.9249043763
2589,3337411.532319841
2590,1191167.8296240168
2591,2690801.313785018
2592,1014291.0393154316
2593,981764.4347586909
2594,558238.9262713154
2595,1022342.0815773766
2596,1157282.042015598
2597,760027.4053237551
2598,686063.271434335
2599,903752.1643200634
2600,1217489.2544838628
2601,194762.7524189514
2602,498723.0835263925
2603,1849382.5293824628
2604,2689317.2979790713
2605,1352679.221878564
2606,1119938.7776533964
2607,977813.5813387571
2608,3228997.5179654527
2609,1293419.6698810724
2610,3727771.0273136618
2611,1110177.8591402369
2612,1763092.0055790637
2613,2394437.954757503
2614,2868943.503032976
2615,676461.6484584168
2616,2957733.6780962106
2617,1605525.4018344306
2618,1933741.106613337
2619,1083037.0791249273
2620,425909.17214665486
2621,1589002.3890357953
2622,3553860.6494280044
2623,532428.647970776
2624,5562975.683016309
2625,1732020.3577383042
2626,3309504.849607522
2627,868562.5353658055
2628,3969398.631323579
2629,1236223.7109770796
2630,2445970.4550554818
2631,1152830.8513647628
2632,1787308.6496148705
2633,393322.4494202623
2634,3242853.50768103
2635,928296.3106650414
2636,431727.9539834557
2637,951544.8719067948
2638,1002041.5903303608
2639,1707236.8815902218
2640,1286545.9501333104
2641,993341.0309546527
2642,771745.3428034532
2643,2101764.0362771824
2644,595154.8271716009
2645,708674.82885359
2646,2637219.0078528053
2647,1312124.9712926962
2648,2499224.3662473788
2649,830863.5039170558
2650,1999817.9192696502
2651,6314038.665000553
2652,2247977.6265688534
2653,436543.1764177653
2654,847169.2515459091
2655,990539.843742432
2656,2439599.8306911695
2657,4087628.0457852418
2658,874563.0090607267
2659,1273583.3297892306
2660,259695.42146288708
2661,511182.9213939447
2662,1072952.0096857974
2663,672969.3640391676
2664,1632853.5564225328
2665,2252634.1228045183
2666,1569731.9623628098
2667,1417663.589570322
2668,3515733.7474184656
2669,2044504.902260417
2670,837923.7219039015
2671,289616.3534585192
2672,484968.91432596155
2673,1195828.8791952557
2674,1104477.9199920131
2675,541300.8434538569
2676,649305.8391807531
2677,2476003.0637100255
2678,743736.0292251953
2679,652974.9775962277
2680,1070437.6933139176
2681,2376653.9211667506
2682,839240.2686426012
2683,1372185.3567880637
2684,1244245.3219007368
2685,219198.08910524042
2686,2371975.3628902873
2687,1934283.4261540007
2688,594128.6359133036
2689,522908.6999259487
2690,1338068.058044378
2691,629884.8411264886
2692,307983.80226075824
2693,1515082.804551973
2694,1138820.0337734777
2695,1195264.292945449
2696,597270.1659253906
2697,3445709.963012587
2698,3124490.441493409
2699,2733389.5230651572
2700,3464198.7734054746
2701,2947261.3296677265
2702,5558529.93500927
2703,2155403.238095119
2704,973855.0734380052
2705,1101247.8360201078
2706,923818.9231092973
2707,1544301.3933176324
2708,1617979.1166482614
2709,425888.6825112667
2710,604446.7823951998
2711,835438.0611603615
2712,4231755.935272712
2713,6198849.491912927
2714,426376.860337249
2715,664175.918642331
2716,883537.54975337
2717,2257651.5094351047
2718,1087568.8728191343
2719,1006711.300244291
2720,1831304.1953380487
2721,585435.7067690043
2722,1207453.407791534
2723,1306175.9608063032
2724,769432.1913484695
2725,1661432.99158776
2726,5425589.38480239
2727,2680276.239727757
2728,1179567.2904746186
2729,1076381.2916597095
2730,1617847.364009907
2731,1353455.319902511
2732,667197.265558685
2733,3093374.0873642396
2734,3263733.281679211
2735,1364280.8522430337
2736,1505645.5398197526
2737,1648019.8500230096
2738,2589822.459758557
2739,1789710.0474098471
2740,1341272.0940014662
2741,2379128.565563048
2742,732980.0784068896
2743,1480633.6475524972
2744,1143768.550047776
2745,1044781.5773952585
2746,1109072.829228215
2747,1390846.1340511704
2748,441024.2755660245
2749,980884.6278723808
2750,993139.901055514
2751,616532.439849238
2752,2713309.4775601565
2753,1651606.33045505
2754,4749241.818503025
2755,992240.4153716839
2756,2388624.2576867025
2757,1404720.240290429
2758,380930.69821387157
2759,964371.4777796725
2760,2783393.3284674655
2761,2622897.015619506
2762,3143006.6525607877
2763,3045993.8853333923
2764,1036301.689699306
2765,2859163.024701559
2766,720667.4164358071
2767,1706120.1939252135
2768,3305620.591551819
2769,641374.7998747694
2770,1790961.711016718
2771,394226.6385658133
2772,865125.8950459596
2773,1655698.2631873859
2774,918228.736634212
2775,1510958.9450299146
2776,1424232.988747227
2777,1086828.9971326909
2778,495950.73785647633
2779,1391720.3994437056
2780,862463.5475327634
2781,5933681.840026318
2782,5059200.157813235
2783,6304844.697010832
2784,1942417.487297317
2785,1392302.33300871
2786,1751439.3383453628
2787,301541.8329877722
2788,949215.9989696618
2789,1249746.581448387
2790,2605203.8566285716
2791,762207.2701937209
2792,895098.4973323564
2793,926010.4946384263
2794,648290.5392286333
2795,2543295.5669148676
2796,1710993.675197749
2797,852886.815483128
2798,815656.2542069268
2799,936770.1738528407
2800,186441.3207837408
2801,1341262.1927577863
2802,143783.06428511153
2803,2598722.039337332
2804,2651033.799893383
2805,1632773.7616611437
2806,3135510.7175917146
2807,143949.5470023366
2808,1379767.716357861
2809,7424527.395547675
2810,1387480.868915746
2811,858099.0792750969
2812,3128645.9827650576
2813,603774.5322926197
2814,1101477.600520186
2815,1104677.143362534
2816,3920762.2648084485
2817,261539.9020853446
2818,780888.3442855357
2819,1851389.8504737853
2820,557275.1278303321
2821,1157034.7666831103
2822,1298347.9679722944
2823,814677.9374271107
2824,606204.6845022406
2825,1669880.1015833677
2826,3345953.260618519
2827,1086038.046713887
2828,551279.3912560833
2829,1365221.1288494885
2830,1452077.4427460707
2831,735844.0218626104
2832,1307899.7376385673
2833,1378996.4801895753
2834,2635166.518073105
2835,606982.459085077
2836,3016611.944882013
2837,139788.4614603734
2838,2421280.127803055
2839,935727.2687945936
2840,327098.3760484139
2841,832624.4398910562
2842,1906132.3024544057
2843,1610854.8274194808
2844,1305842.1643529213
2845,2893357.5402879273
2846,1642158.4547732184
2847,840711.5206445375
2848,1323898.895711691
2849,1104842.1026369452
2850,5059200.157813235
2851,1276044.9942811353
2852,2558098.598299322
2853,673528.0269191796
2854,3223703.2187423008
2855,1506709.0480309436
2856,698403.2227262291
2857,5669737.313160271
2858,2805857.0921035768
2859,951791.7201662306
2860,929459.8696610118
2861,3113867.197921358
2862,2899621.843095107
2863,1542746.3625531197
2864,3113463.437873324
2865,241461.60258602625
2866,2181418.8807410854
2867,878956.1691807854
2868,2073617.9246806484
2869,960767.9335218872
2870,1468917.9924530466
2871,838995.5222091201
2872,1410132.2081008977
2873,857940.2451603811
2874,658534.3239116875
2875,2977948.9430868854
2876,2072243.063215532
2877,915932.3279252283
2878,4488151.616586367
2879,629583.2424894818
2880,1514094.480916064
2881,2023051.025287385
2882,478365.34503218345
2883,1279255.0340369064
2884,1322433.3304825353
2885,610003.62798366
2886,1719611.7254830855
2887,572596.2225471488
2888,770534.7751047548
2889,465632.931957449
2890,5343635.8857382145
2891,933001.1005547296
2892,1836684.031514958
2893,1517226.6013981476
2894,808826.2180931474
2895,926339.600576163
2896,1262768.1440283554
2897,1251727.0881334017
2898,1005081.9001183502
2899,4448187.848700001
2900,779698.2360541347
2901,1650305.7971923868
2902,673495.7027917469
2903,865898.2511764746
2904,516013.2192833387
2905,2387803.3525958783
2906,769326.2326856444
2907,567891.4295989688
2908,679937.2995107634
2909,2416512.0924274935
2910,2127162.255502182
2911,602259.653602698
2912,2947261.3296677265
2913,1501664.2819206892
2914,951358.8716572914
2915,855909.4704951553
2916,615681.6441989505
2917,1112833.5514476884
2918,1645543.0179186405
2919,1078175.40913788
2920,872401.4575892328
2921,1215604.8301922125
2922,1301366.2047542415
2923,905184.492151577
2924,1104501.0092091758
2925,1417000.9618504005
2926,372310.6332271737
2927,950924.0993814222
2928,902751.9317134919
2929,1315631.83850666
2930,2707063.073314824
2931,2305931.889510876
2932,1637456.9826199077
2933,1338149.9688358512
2934,1175348.1102735153
2935,1117587.7220012203
2936,1022501.2222664768
2937,566265.7960053133
2938,3267090.7814713097
2939,782344.3320427298
2940,1141726.5105316187
2941,2455054.316867439
2942,1502535.9620908932
2943,1857493.479310117
2944,710719.0430481294
2945,714563.422801568
2946,615061.0233329906
2947,3007285.070512373
2948,546950.912673574
2949,879812.7800883603
2950,1078588.1351776759
2951,991827.6120588668
2952,624104.1230413534
2953,2140016.393506489
2954,1259323.6164220092
2955,626854.1611713633
2956,1517156.1373210095
2957,281096.19898296293
2958,947649.7511255897
2959,1762292.5167703053
2960,689661.1779996282
2961,5207086.774544495
2962,1094768.6566243318
2963,1248079.162197513
2964,3090524.201256391
2965,4226816.962674186
2966,1175270.7089323634
2967,817398.2809041198
2968,346896.77801287064
2969,1232153.0460077492
2970,133624.7415464147
2971,908548.6035808341
2972,967640.6372099281
2973,445332.53296124295
2974,982293.9460377435
2975,2263518.001210032
2976,904428.3231401684
2977,525718.6179874267
2978,1579236.3503464528
2979,1718452.194162289
2980,2962887.798004501
2981,2517346.2584739644
2982,740822.2330821517
2983,1219183.2498132053
2984,1836784.4245206183
2985,2869349.7824537097
2986,1151204.2314606283
2987,1145910.6027679632
2988,1879313.6859894665
2989,1435290.89858011
2990,2322845.8211422465
2991,1889854.9404903513
2992,1363073.9129829556
2993,2188983.757158211
2994,2286954.836258803
2995,840941.6649727055
2996,4422207.89332808
2997,1767797.9397699372
2998,473473.56441115343
2999,1898996.3888214054
3000,3164252.501648183
3001,2144377.9182015625
3002,1322496.171470724
3003,1428312.4911430043
3004,1427628.5348124104
3005,3704039.6639015046
3006,605185.0657525606
3007,650451.3019035073
3008,1058459.0083120933
3009,1216195.1871703733
3010,952357.4214315885
3011,5155745.85778139
3012,1407481.0754094976
3013,953948.5883913304
3014,1019878.5265023343
3015,1381478.4484044905
3016,1565443.2134738064
3017,716479.3931971061
3018,1207891.4472570173
3019,506701.2996473243
3020,477019.41583699686
3021,3041074.7992696497
3022,1359790.3108317612
3023,1402428.9000776797
3024,5963701.9265141655
3025,1060355.783891375
3026,2006995.7183902152
3027,1381278.117401467
3028,1157678.2334801718
3029,1918517.4481827111
3030,1501186.4322564157
3031,1742123.5129933548
3032,619297.3354792469
3033,2370771.4673489393
3034,202582.86667650385
3035,1421634.9055352528
3036,2994950.1370263924
3037,1809683.1148612173
3038,530923.62149085
3039,766586.5271361031
3040,770030.5002712905
3041,5440789.861129636
3042,1626119.049832555
3043,981709.8123197795
3044,519349.48204573535
3045,939436.6498553166
3046,652116.5698212443
3047,855708.7694167576
3048,604492.1167610073
3049,3294382.282383367
3050,4322507.1835204605
3051,552715.6644919375
3052,659768.6121361996
3053,1685912.832449743
3054,974501.4305554131
3055,761362.8170159048
3056,1295785.6209492893
3057,1254459.2982882974
3058,1167539.8180639793
3059,4163684.1266235407
3060,1137171.3299439067
3061,2213177.749413073
3062,550431.3657392552
3063,1107727.6595687743
3064,5930144.705481774
3065,889313.2112509856
3066,664299.9581735947
3067,1593898.1581753322
3068,1402887.4950828613
3069,1472086.0691934447
3070,1610369.170192164
3071,1279050.4008137074
3072,284910.4900457341
3073,838744.578716315
3074,708140.2448228201
3075,1352829.00867456
3076,1993737.8406822272
3077,603676.6923944303
3078,1833698.5337199173
3079,998231.4232493975
3080,807878.5298179272
3081,316602.19980994466
3082,611231.8498906353
3083,611236.7110444546
3084,1529562.2346087687
3085,825145.1583563096
3086,1550653.7095983147
3087,1001729.4239267822
3088,1913759.3613040699
3089,1781146.132527335
3090,483369.3754788358
3091,949838.3460194169
3092,812973.1339254086
3093,6184740.165461388
3094,518387.51269929454
3095,2745998.2644668594
3096,2111583.173251563
3097,478525.6938884336
3098,951826.125524228
3099,1684531.8196817676
3100,1485391.891449542
3101,5285868.313142857
3102,921752.2501099552
3103,343251.2952820951
3104,1068936.5514623297
3105,2449568.7902122275
3106,616756.2638310406
3107,1220467.990664219
3108,2639648.302949251
3109,1180074.8997882367
3110,1857432.0770513827
3111,3192775.4283903423
3112,1034344.6060225702
3113,600977.8651629537
3114,809883.5713340155
3115,323454.3339835064
3116,390548.68056976644
3117,659653.3348023144
3118,1294663.9671541795
3119,1041837.9552433328
3120,2275401.587991974
3121,317664.2639809203
3122,1284904.8019742651
3123,5266134.830885343
3124,417372.64812876517
3125,3491150.4589105095
3126,1916965.7513229114
3127,891474.047030479
3128,1178117.7500567483
3129,1716703.6317189105
3130,1185496.6592529418
3131,1136118.4090777365
3132,2808183.853754405
3133,636966.6242198877
3134,2471350.083157064
3135,1361482.1865839425
3136,1625159.2382928494
3137,619151.6304606785
3138,1070264.802860902
3139,3263712.0176306646
3140,1451609.4714589145
3141,993232.2447779381
3142,607616.0515607307
3143,781176.7953728356
3144,490506.11129739764
3145,3805895.586739217
3146,2964551.749425177
3147,3028348.055633853
3148,1870915.3249111683
3149,2473047.6800106843
3150,5396588.933252391
3151,1017915.1681306341
3152,1137760.9858280085
3153,642497.7454115313
3154,710953.0018981576
3155,749384.4361062159
3156,1554875.3796098388
3157,748644.5140080173
3158,5933681.840026318
3159,738929.5902376623
3160,1121061.5806690846
3161,1154568.466551517
3162,1407470.257673631
3163,1282163.1671280074
3164,589166.7687887888
3165,1275054.4238248111
3166,776614.7168838788
3167,349615.1379115738
3168,1470277.2073602695
3169,906524.4315616994
3170,2462905.3875706214
3171,238503.1565166463
3172,3143489.9745210325
3173,1670618.8968350303
3174,998865.727269298
3175,902102.5671480197
3176,1024147.486480192
3177,2741248.4237605985
3178,1468882.2680730433
3179,787673.1453473337
3180,642917.5734472721
3181,2676549.384501799
3182,1269612.9774210146
3183,5547271.987398508
3184,1652819.8339053243
3185,1104534.0098053003
3186,1761033.653057575
3187,790082.505749236
3188,2575513.487728615
3189,490232.7465380996
3190,518502.0941346523
3191,1718878.8105450692
3192,2320427.6576765375
3193,882539.8369413111
3194,535441.3370685326
3195,3263438.195167441
3196,511370.82288103114
3197,2664958.596582927
3198,915153.0200953922
3199,492492.2708454723
3200,970146.7305342573
3201,1119200.9938860626
3202,583886.5997897933
3203,2949650.187597436
3204,1387685.699857259
3205,1274726.697158129
3206,1044183.9256859358
3207,6064548.280330326
3208,1091035.8204398786
3209,1270585.713387151
3210,1371230.9553010988
3211,995629.8174118662
3212,540444.2804977244
3213,4475647.314849183
3214,4228728.031419869
3215,1559837.389068568
3216,3735189.266563614
3217,651253.0063942276
3218,877985.2054185481
3219,802890.804803939
3220,1460948.0569218034
3221,666832.2036890242
3222,1823724.0338189125
3223,477585.5865301638
3224,3711843.3823560793
3225,1192952.8086771101
3226,927437.0845779201
3227,1361640.5022356154
3228,837386.5633542998
3229,606265.7155972433
3230,1922495.6572085267
3231,2109449.4013541937
3232,1449915.3182432812
3233,3355789.568367158
3234,395062.92000358144
3235,547336.2909510037
3236,1119999.6954861204
3237,5295237.9224095335
3238,295309.44395802513
3239,1726735.124933384
3240,3903653.7673284058
3241,1008656.1550785784
3242,1444911.1688232617
3243,832865.3966890133
3244,789181.0667089706
3245,1412336.930332643
3246,498961.2043103562
3247,1448277.1288704304
3248,1671766.0477805575
3249,1997557.8500713764
3250,1241931.2044474492
3251,1460487.9057308433
3252,1654966.445341617
3253,1957578.7379367345
3254,2042683.297283927
3255,892589.6879381136
3256,1273926.5759486833
3257,604621.9174208166
3258,994758.0435162163
3259,4283973.952094477
3260,2622780.2725835936
3261,2108385.9197627953
3262,1785952.9111293678
3263,1221299.342219655
3264,2379345.1742042312
3265,1186182.3721998725
3266,772176.8103659401
3267,576032.5042647343
3268,1268856.3759575519
3269,1083088.4754966225
3270,1396208.8663461858
3271,669584.9556918055
3272,1007359.4284336679
3273,315985.6376094797
3274,481888.8198789584
3275,2511069.883806296
3276,1764241.9575068108
3277,3817144.5412903843
3278,1223568.8034636418
3279,1170074.7066405618
3280,1978598.078006138
3281,3787921.0606401963
3282,324363.65635581914
3283,1505472.4972254867
3284,608869.5480032669
3285,956452.1224609581
3286,1570602.4020412841
3287,877972.2239770932
3288,920571.2552775419
3289,845727.8373860463
3290,1415239.5301759325
3291,670325.1059170597
3292,1047592.1644894907
3293,4404136.256829759
3294,652793.583507716
3295,1252101.6016297985
3296,1150265.428757942
3297,1468621.2752092748
3298,2180791.3823806643
3299,1142365.1639106397
3300,1119686.965565041
3301,958193.2965442771
3302,480240.3479486326
3303,255036.75574188176
3304,401067.9615973989
3305,677387.747481081
3306,1210111.2551418073
3307,1113542.8702013227
3308,401522.66291445243
3309,952433.7354326977
3310,3491150.4589105095
3311,653610.3125537477
3312,807522.9032967072
3313,1106276.790237294
3314,702090.5593433385
3315,3068638.769609728
3316,2267993.976670203
3317,678526.6636970269
3318,963522.4880244336
3319,939125.7001350719
3320,504552.1905213151
3321,1030415.6594229265
3322,2386098.766309218
3323,272786.21946705354
3324,646150.945697727
3325,4395513.733342954
3326,394545.20346358855
3327,2195495.419506603
3328,2407106.311645995
3329,2015241.7504948147
3330,2487892.7946263165
3331,1469696.9433930428
3332,732835.2396165406
3333,835109.5373245815
3334,3664207.3028243026
3335,949419.1164004093
3336,1240987.3460778685
3337,1553210.8844921677
3338,2408808.706912543
3339,949595.3749687091
3340,6856753.999173595
3341,1105399.8480730096
3342,5662806.259218744
3343,2421862.255111056
3344,2867402.0600494035
3345,1663396.2442771436
3346,823698.519000922
3347,615102.4654363554
3348,335330.506306201
3349,988005.4046777445
3350,2434141.7415376413
3351,887144.500650671
3352,1562713.1007785054
3353,535881.6459192762
3354,213916.4703939283
3355,1339529.4233777074
3356,1108819.270751589
3357,838948.6202975891
3358,4261585.094544527
3359,2652603.735825428
3360,997870.3117457322
3361,442911.60929577536
3362,251196.50702129165
3363,2968595.2252882826
3364,1207679.7851882689
3365,1958991.6268175489
3366,593831.1946503384
3367,602866.1276671076
3368,1039490.8368177846
3369,825771.0152882877
3370,1325659.9098877136
3371,2037201.95969364
3372,869096.1394064213
3373,892668.0799868249
3374,892282.6687421299
3375,658203.5596832881
3376,1028548.7622356468
3377,1047374.5046093715
3378,188316.07347793112
3379,817573.1893784167
3380,3688076.174516837
3381,5413446.361238528
3382,271727.0204899739
3383,664778.9208537678
3384,607248.7970756844
3385,2890249.4525989885
3386,1967778.9064865755
3387,1266110.489888834
3388,5379701.094014304
3389,1357905.1298084944
3390,1149879.0368994642
3391,1667156.0216871374
3392,3036009.448670482
3393,2323216.5512833116
3394,1293146.2225390165
3395,2445038.760709605
3396,2994377.2739714123
3397,1690175.9129478321
3398,959618.905483383
3399,2501916.0870117764
3400,2006380.0075402467
3401,1738927.751872289
3402,427654.5366967813
3403,1109327.2718887574
3404,2875135.051185692
3405,5495715.671647024
3406,640224.5530290853
3407,2708805.234394261
3408,954028.2549862897
3409,1136734.521447504
3410,1005822.6674731073
3411,122655.06204848597
3412,1046303.0569526781
3413,1026382.2083877866
3414,976449.2403202337
3415,567692.1773380731
3416,406485.8761295181
3417,2733719.932053656
3418,2470628.9710823316
3419,2493900.0707512703
3420,2206553.395189398
3421,2533363.246416145
3422,2615516.0061662835
3423,700799.7449668369
3424,925110.4983334666
3425,4794888.224376214
3426,437524.6827920755
3427,1034604.3919029051
3428,1374527.2233408762
3429,424965.1033229972
3430,2693231.134537289
3431,514829.3003126471
3432,886870.6009205981
3433,1058475.868417128
3434,619817.0991786089
3435,488242.5594333165
3436,1855765.6913501045
3437,1193903.0479657662
3438,1020814.5704828688
3439,261561.79553847495
3440,375242.125989038
3441,962949.8845766438
3442,3793049.669997403
3443,554844.8404101967
3444,1005911.1402522412
3445,736868.3862469153
3446,2881007.2508391393
3447,1900504.9764902503
3448,866515.0954474729
3449,1132490.871761081
3450,952076.0441085149
3451,440732.6286151507
3452,895234.3777631919
3453,3618047.0831434825
3454,1008509.7215719969
3455,530574.1828727311
3456,834225.2527676766
3457,1048861.4506676958
3458,422645.48432623566
3459,1035678.1910668765
3460,1392471.9611247974
3461,658366.4670294971
3462,565778.7700355687
3463,535260.7031004117
3464,2296804.568701574
3465,1371960.6569800365
3466,1317199.813216916
3467,745919.240414434
3468,2783336.640766609
3469,726725.616453301
3470,1335883.3177351132
3471,5246431.861661634
3472,566724.4024224653
3473,2141136.4918892686
3474,850890.989121699
3475,825761.6136744021
3476,2643706.663285709
3477,1254200.68413035
3478,1255012.9097348426
3479,569187.297828942
3480,1840905.648868753
3481,403714.09456207836
3482,1302213.6422633792
3483,1006538.5550271276
3484,1805465.0118842789
3485,1105368.0582207593
3486,457322.4044103657
3487,5274787.962884785
3488,827941.4223732925
3489,2652747.7185952375
3490,2522340.2637843178
3491,1195773.989671839
3492,1423863.8756935822
3493,2665681.8921810733
3494,1471068.8307529446
3495,1212271.2716564534
3496,1303675.2536302241
3497,950140.8804633208
3498,474055.58813409903
3499,400163.61612618045
3500,669439.1574252037
3501,3211603.4408493424
3502,428879.89664202975
3503,861154.5094581277
3504,697830.7688638682
3505,964249.9657351732
3506,556904.0611263942
3507,1573350.3776056822
3508,816744.612679192
3509,633578.0107682006
3510,1167827.2441831925
3511,721930.4699077778
3512,914879.2225766546
3513,586838.8676010389
3514,367972.30677794816
3515,936225.387747563
3516,1441344.5550536031
3517,952371.7401993889
3518,695132.2004321133
3519,613560.3713307716
3520,621358.2220997751
3521,676537.270832159
3522,410908.3385207715
3523,999552.6315553496
3524,3138471.920299257
3525,1098681.2561253272
3526,1269110.2957307165
3527,819420.2063036088
3528,848374.0133328756
3529,1139424.0353513064
3530,2399790.5867944234
3531,2610481.3608903885
3532,983031.4570806152
3533,3098516.0722881136
3534,3284365.1124254144
3535,2457387.8360789763
3536,5807118.808578991
3537,1019634.352546006
3538,1425028.614696059
3539,1547952.6870943971
3540,357838.4261401411
3541,3779017.5196041334
3542,311259.9453357434
3543,463548.32059839525
3544,1890266.1657367356
3545,162653.0752949345
3546,726903.6786264036
3547,2735748.983451386
3548,1633807.6772484593
3549,1546390.5376019273
3550,1009547.6694821876
3551,374073.2172885195
3552,935737.0044256618
3553,1179260.7678811913
3554,3021491.040273251
3555,674110.9409853311
3556,1127885.3220453684
3557,2898270.6438228087
3558,993647.2972949895
3559,1365778.746167921
3560,780110.8693581405
3561,1309971.1244664749
3562,1124467.7512080814
3563,622483.1654132264
3564,1008328.1707196295
3565,795367.921293002
3566,808236.3898449678
3567,2727251.4664892624
3568,1427492.4156471929
3569,1216540.7763107384
3570,1269612.9774210146
3571,1040658.0028482008
3572,2112472.083121608
3573,537250.5111573696
3574,940101.6306871807
3575,375649.0761416437
3576,7941355.408566875
3577,1472135.5545215227
3578,1617988.333908418
3579,1279689.8158745703
3580,3958356.650308965
3581,494823.0682886011
3582,1064612.916586595
3583,645557.1471815316
3584,4049652.0471728873
3585,346694.01660929254
3586,1018029.9888778462
3587,3742056.6632331167
3588,895661.361790085
3589,1189518.1629839162
3590,2393129.9113850566
3591,754701.4927898967
3592,671157.2289947206
3593,1639707.282877059
3594,4221074.284872572
3595,6275627.842939991
3596,1959063.0946613087
3597,2317353.308126909
3598,446743.300658201
3599,2112495.356610894
3600,631768.7116382624
3601,1456993.141803609
3602,2273713.304096012
3603,2559965.045007211
3604,834831.967172862
3605,948391.4697231113
3606,4221351.8341857325
3607,868092.7036884676
3608,1121293.2706032095
3609,897322.9086437777
3610,2443426.383769302
3611,1052899.7827660055
3612,1082749.62721003
3613,1377312.873841702
3614,1947067.558446336
3615,2721595.6683542538
3616,480203.33322858857
3617,1502995.3609544917
3618,983790.8639646397
3619,563284.5849098549
3620,1274165.3930987185
3621,845077.2625686917
3622,1028389.2459813564
3623,466858.30250448384
3624,5037353.681340749
3625,961156.6002304165
3626,5937636.430471472
3627,3433513.2569893957
3628,1828672.7957211123
3629,701660.2248248087
3630,1142695.8976446278
3631,3915335.365892973
3632,7152127.357772461
3633,1375641.6440190375
3634,576050.047319661
3635,3295890.6293749404
3636,1825731.75961444
3637,1050736.89013577
3638,3946112.287736233
3639,205425.60414267238
3640,525817.4867176455
3641,668195.1571233377
3642,642401.2357208533
3643,1068506.351483024
3644,653258.6469349596
3645,855200.8754420734
3646,1589772.5684396785
3647,3279890.8147069346
3648,431052.7561326012
3649,815572.09000513
3650,3358273.280852432
3651,497385.43514780165
3652,6084343.749906956
3653,409667.573666809
3654,617192.8130885069
3655,985110.7751370447
3656,3064002.8869286207
3657,922020.5303155938
3658,765599.0166982508
3659,1013663.3491705076
3660,3640527.785440553
3661,2548454.91433533
3662,1149347.7878177462
3663,535806.6238819462
3664,1167891.0570312953
3665,2344138.918466207
3666,1578967.6327783691
3667,1005715.2832264114
3668,3335375.2768075443
3669,1545259.9317932308
3670,704048.5388240273
3671,1305157.2932836816
3672,1183805.4015567591
3673,1638330.7535308308
3674,2072837.4711500057
3675,1228092.7807915097
3676,3343445.676570769
3677,2881979.2173351124
3678,3735736.3181043123
3679,2733972.4965592744
3680,384017.91512472305
3681,731779.7214431986
3682,1057089.797947809
3683,482244.6181728477
3684,674782.6399303218
3685,2314042.7408347693
3686,1195078.9176637526
3687,669937.3194092534
3688,3004968.6861499934
3689,1673265.2604586687
3690,1832519.1725646881
3691,1227382.1166860613
3692,1081741.1090107241
3693,518396.13902745093
3694,416454.8878270278
3695,1189810.8490506865
3696,829793.4586703872
3697,1830701.5428487486
3698,1813818.5546052102
3699,1952253.484300634
3700,788074.0057129269
3701,1691437.3127748575
3702,1353723.251190702
3703,1230403.6458098674
3704,1888965.8669707628
3705,1795754.825068159
3706,714352.6812773858
3707,539576.128674599
3708,654264.095569536
3709,1286317.199404397
3710,440174.20660432393
3711,826979.5726577626
3712,673064.337782694
3713,134652.3341883734
3714,575383.8225731751
3715,1058760.6537538432
3716,619135.5717644531
3717,1250295.673437509
3718,359868.91098382167
3719,311792.5765321483
3720,1082928.2661711862
3721,2690915.9494023975
3722,411822.0049346134
3723,681360.9635462792
3724,397221.46280917537
3725,1659839.716210443
3726,1267991.2194896392
3727,1663344.2228947198
3728,1754137.858817653
3729,615250.841171232
3730,3369105.0073757707
3731,1051082.0684126394
3732,3681064.50445329
3733,882987.0164852515
3734,599506.3031743136
3735,372412.9829891355
3736,1236004.1695609642
3737,6012104.826367117
3738,626765.8422941812
3739,766973.3626608497
3740,814249.913342125
3741,4012688.455732866
3742,448650.26481702685
3743,760244.5568543478
3744,1097790.8224089076
3745,480297.43944405107
3746,2629217.5708419457
3747,864574.021376049
3748,1444769.4566238131
3749,684292.0264506685
3750,606370.7638329094
3751,1208628.0412865775
3752,1298093.7521446252
3753,1063469.582241911
3754,1298833.8598436392
3755,799354.4482041379
3756,801376.4536843032
3757,7275350.352358332
3758,843001.9896208514
3759,1095391.5800490375
3760,1417364.612671434
3761,813944.8935389577
3762,1381393.0607803168
3763,1593294.0780966086
3764,1127208.0099557287
3765,1153316.319619125
3766,1626051.0919621976
3767,480898.1137705581
3768,1733853.8780232954
3769,1278358.2576584525
3770,1672159.2673661546
3771,963940.5984984038
3772,1074791.5106969909
3773,862545.2408036547
3774,860933.6195436363
3775,5582076.0229629055
3776,1017195.6466802107
3777,2797539.6442618873
3778,1150711.6631518055
3779,3167303.2692870437
3780,2369938.9546152144
3781,1315339.5577792127
3782,1739169.0322974497
3783,1422172.8785626062
3784,1362800.885473393
3785,682633.7823189412
3786,789840.7257679672
3787,646485.578703931
3788,2762903.520346529
3789,275014.6615157978
3790,536383.6753463583
3791,1268970.9724070185
3792,1398266.6757333186
3793,964814.4550819627
3794,2764655.537601806
3795,1204383.318632071
3796,3899001.251227639
3797,710084.9368845187
3798,841943.437438682
3799,1027134.1931579926
3800,2878286.4765072986
3801,368179.6323380128
3802,731370.3828376655
3803,920029.7162006485
3804,6505483.158128908
3805,694282.1809665672
3806,875291.6107683169
3807,3180554.06661668
3808,524716.6908894731
3809,1274097.243902637
3810,1246516.6536632276
3811,638733.8252075692
3812,721896.6722241055
3813,3165014.0872676247
3814,1995145.664521098
3815,1192184.1397605857
3816,249521.42147209033
3817,1724709.3353925222
3818,1779365.8465952703
3819,1835934.310163638
3820,954073.2697722598
3821,1292716.657258147
3822,428841.3948022099
3823,994967.3321140654
3824,1365128.322641084
3825,1491618.4765137802
3826,4115563.397722435
3827,615809.9024152361
3828,5887900.061772974
3829,2539191.3636552305
3830,1870892.410777911
3831,1201792.5399808232
3832,1152454.3352883048
3833,2237527.597576526
3834,502499.8458576131
3835,977578.598454057
3836,1235952.923705144
